variant_id,rsid,context,direction,bz_effect,bz_dir,bz_pred_bin
11:47389337:G>C,rs10838702,HEK293T (control),-1,-0.005183547735214233,-1.0,0
11:47389337:G>T,rs10838702,HEK293T (control),-1,-0.003863975405693054,-1.0,0
11:47395632:A>C,rs10769263,HEK293T (control),1,0.008422479033470154,1.0,1
11:47465333:C>T,rs1317149,HEK293T (control),1,-0.003663495182991028,-1.0,0
11:60156035:A>G,rs983392,HEK293T (control),-1,0.0029858574271202087,1.0,1
11:60159566:G>A,rs17529983,HEK293T (control),-1,-0.002544790506362915,-1.0,0
11:65889093:C>T,rs2231884,HEK293T (control),1,0.17064249515533447,1.0,1
19:44856449:G>A,rs12462573,HEK293T (control),1,-0.0037645846605300903,-1.0,0
19:44945942:C>A,rs2288912,HEK293T (control),1,-0.002749204635620117,-1.0,0
19:44945942:C>G,rs2288912,HEK293T (control),1,0.002706199884414673,1.0,1
19:44945942:C>T,rs2288912,HEK293T (control),1,0.00013938546180725098,1.0,1
2:104658952:T>C,rs72943447,HEK293T (control),-1,0.00533410906791687,1.0,1
2:127128582:C>T,rs13025717,HEK293T (control),-1,-0.21868896484375,-1.0,0
6:47477281:C>T,rs1004173,HEK293T (control),1,-0.012584418058395386,-1.0,0
6:108002990:T>G,rs113440795,HEK293T (control),1,0.026057720184326172,1.0,1
6:108003070:A>G,rs115607757,HEK293T (control),1,0.10539311170578003,1.0,1
6:108003170:C>G,rs62427420,HEK293T (control),-1,-0.013132870197296143,-1.0,0
6:119110489:G>T,rs79331926,HEK293T (control),-1,-0.002600744366645813,-1.0,0
11:60169453:A>C,rs7933202,brain (mouse tissue MPRA),-1,0.0009614378213882446,1.0,1
11:60333134:G>A,rs4477457,brain (mouse tissue MPRA),-1,-0.005619481205940247,-1.0,0
19:1037585:C>T,rs72973561,brain (mouse tissue MPRA),1,-0.002212435007095337,-1.0,0
19:1999114:C>T,rs374280250,brain (mouse tissue MPRA),1,8.966028690338135e-05,1.0,1
19:1999196:C>G,rs62129512,brain (mouse tissue MPRA),1,0.00552523136138916,1.0,1
19:44806715:G>T,rs28399594,brain (mouse tissue MPRA),1,0.007668778300285339,1.0,1
19:44912921:G>T,rs483082,brain (mouse tissue MPRA),-1,0.006791502237319946,1.0,1
19:55479109:G>A,rs78768334,brain (mouse tissue MPRA),-1,-9.240210056304932e-05,-1.0,0
2:103335482:T>C,rs112439188,brain (mouse tissue MPRA),1,0.002801954746246338,1.0,1
2:113083955:G>A,rs6750559,brain (mouse tissue MPRA),1,-0.001129940152168274,-1.0,0
2:127128657:C>T,rs13025765,brain (mouse tissue MPRA),-1,-0.04341888427734375,-1.0,0
2:127135449:C>A,rs72838288,brain (mouse tissue MPRA),-1,-0.019213497638702393,-1.0,0
2:127135449:C>G,rs72838288,brain (mouse tissue MPRA),-1,-0.01788829267024994,-1.0,0
6:32621638:G>A,rs9271509,brain (mouse tissue MPRA),1,-0.007359065115451813,-1.0,0
6:108002826:A>T,rs147038704,brain (mouse tissue MPRA),-1,-0.028057783842086792,-1.0,0
6:108003070:A>G,rs115607757,brain (mouse tissue MPRA),1,0.12612539529800415,1.0,1
6:119110753:A>G,rs144000629,brain (mouse tissue MPRA),1,0.04819154739379883,1.0,1
6:130996788:G>A,rs182194429,brain (mouse tissue MPRA),1,-0.0011165440082550049,-1.0,0
11:47395632:A>C,rs10769263,immune (THP-1 macrophage),1,0.01574409008026123,1.0,1
11:60333108:C>T,rs10897049,immune (THP-1 macrophage),1,-0.01379483938217163,-1.0,0
11:60333134:G>A,rs4477457,immune (THP-1 macrophage),1,0.0040933191776275635,1.0,1
11:60333146:A>G,rs10792265,immune (THP-1 macrophage),1,0.0441514253616333,1.0,1
19:1037585:C>T,rs72973561,immune (THP-1 macrophage),-1,-0.005781382322311401,-1.0,0
19:1038863:C>G,rs1141561,immune (THP-1 macrophage),-1,0.00793921947479248,1.0,1
19:1998979:A>G,rs116278719,immune (THP-1 macrophage),-1,0.0027343928813934326,1.0,1
19:8393415:T>A,rs111469245,immune (THP-1 macrophage),-1,0.0013084113597869873,1.0,1
19:44800771:T>A,rs139246905,immune (THP-1 macrophage),1,0.06880922615528107,1.0,1
19:44945942:C>A,rs2288912,immune (THP-1 macrophage),1,0.03138989210128784,1.0,1
19:44945942:C>G,rs2288912,immune (THP-1 macrophage),1,0.04315808415412903,1.0,1
19:44945942:C>T,rs2288912,immune (THP-1 macrophage),1,0.025674283504486084,1.0,1
19:45156878:A>C,rs10416371,immune (THP-1 macrophage),-1,0.0017563998699188232,1.0,1
19:45156878:A>T,rs10416371,immune (THP-1 macrophage),-1,0.005088210105895996,1.0,1
2:113083166:C>T,rs115361688,immune (THP-1 macrophage),-1,-0.004645943641662598,-1.0,0
2:113083542:T>C,rs80057954,immune (THP-1 macrophage),-1,0.1237560510635376,1.0,1
2:113083790:G>A,rs115177445,immune (THP-1 macrophage),-1,-0.007995277643203735,-1.0,0
2:113084171:C>A,rs114629723,immune (THP-1 macrophage),1,-0.0031779706478118896,-1.0,0
2:127128657:C>T,rs13025765,immune (THP-1 macrophage),1,2.2567211389541626,1.0,1
2:127135234:C>T,rs6733839,immune (THP-1 macrophage),-1,-0.01183229684829712,-1.0,0
2:127135449:C>A,rs72838288,immune (THP-1 macrophage),-1,-0.03460538387298584,-1.0,0
2:127135449:C>G,rs72838288,immune (THP-1 macrophage),-1,-0.04203253984451294,-1.0,0
2:127135449:C>T,rs72838288,immune (THP-1 macrophage),-1,-0.011648476123809814,-1.0,0
6:5108124:A>G,rs78358450,immune (THP-1 macrophage),-1,0.005252271890640259,1.0,1
6:6003700:T>C,rs748160380,immune (THP-1 macrophage),-1,0.02441096305847168,1.0,1
6:6003802:C>A,rs3805790,immune (THP-1 macrophage),-1,-0.025658905506134033,-1.0,0
6:108002826:A>T,rs147038704,immune (THP-1 macrophage),-1,-0.005025818943977356,-1.0,0
6:108003070:A>G,rs115607757,immune (THP-1 macrophage),-1,0.15017491579055786,1.0,1
6:108003170:C>G,rs62427420,immune (THP-1 macrophage),-1,-0.012278899550437927,-1.0,0
6:108003222:G>A,rs189835276,immune (THP-1 macrophage),1,-0.0200614333152771,-1.0,0
6:108003222:G>C,rs189835276,immune (THP-1 macrophage),1,-0.018118396401405334,-1.0,0
11:60159566:G>A,rs17529983,microglia (HMC3),-1,0.008109241724014282,1.0,1
19:44738916:G>A,rs1531517,microglia (HMC3),1,-0.11374008655548096,-1.0,0
2:113084209:G>A,rs184040577,microglia (HMC3),-1,-0.004032611846923828,-1.0,0
2:127135234:C>T,rs6733839,microglia (HMC3),-1,-0.010935068130493164,-1.0,0
6:108002498:G>A,rs73762103,microglia (HMC3),-1,-0.01303797960281372,-1.0,0
6:108003070:A>G,rs115607757,microglia (HMC3),1,0.14644381403923035,1.0,1
6:108003170:C>G,rs62427420,microglia (HMC3),-1,-0.012099012732505798,-1.0,0
11:132351:A>G,rs146835775,HepG2 (hepatocellular),-1,0.0014473730698227882,1.0,1
11:521119:G>A,rs12797431,HepG2 (hepatocellular),-1,-1.434405505657196,-1.0,0
11:971166:T>C,rs7103585,HepG2 (hepatocellular),1,0.008510589599609375,1.0,1
11:1033561:A>G,rs72842418,HepG2 (hepatocellular),-1,0.0033793747425079346,1.0,1
11:4661289:G>A,rs10768159,HepG2 (hepatocellular),-1,0.00015255063772201538,1.0,1
11:12066233:T>C,rs4757148,HepG2 (hepatocellular),-1,0.19508957862854004,1.0,1
11:12599606:C>A,rs7129668,HepG2 (hepatocellular),-1,-0.19022369384765625,-1.0,0
11:12680493:G>A,rs4408295,HepG2 (hepatocellular),1,0.6073504686355591,1.0,1
11:12962505:T>G,rs4420242,HepG2 (hepatocellular),1,-0.0018432959914207458,-1.0,0
11:13008131:T>C,rs4756741,HepG2 (hepatocellular),-1,-0.6876554489135742,-1.0,0
11:17390274:C>T,rs2074314,HepG2 (hepatocellular),-1,-0.0009128749370574951,-1.0,0
11:18956909:G>A,rs7106147,HepG2 (hepatocellular),1,0.0015766099095344543,1.0,1
11:19969212:A>G,rs2625300,HepG2 (hepatocellular),-1,0.004293859004974365,1.0,1
11:21313886:A>G,rs35119624,HepG2 (hepatocellular),1,-0.0011234395205974579,-1.0,0
11:22680851:G>C,rs7125750,HepG2 (hepatocellular),-1,-0.5861165523529053,-1.0,0
11:27228186:A>T,rs16916780,HepG2 (hepatocellular),1,0.0010483227670192719,1.0,1
11:30269267:G>T,rs61886090,HepG2 (hepatocellular),-1,0.0004062950611114502,1.0,1
11:33131480:G>A,rs11032153,HepG2 (hepatocellular),1,-0.0011479854583740234,-1.0,0
11:34234232:T>G,rs2064988,HepG2 (hepatocellular),1,-0.017747431993484497,-1.0,0
11:36032174:C>T,rs74971142,HepG2 (hepatocellular),1,-0.0024222955107688904,-1.0,0
11:36405809:G>A,rs6484849,HepG2 (hepatocellular),-1,-0.0032109245657920837,-1.0,0
11:37402729:G>T,rs57159013,HepG2 (hepatocellular),-1,-0.0002708360552787781,-1.0,0
11:37908667:C>A,rs58491649,HepG2 (hepatocellular),1,0.012214705348014832,1.0,1
11:38919656:G>A,rs151071074,HepG2 (hepatocellular),1,0.0007634470239281654,1.0,1
11:42872303:A>C,rs10837955,HepG2 (hepatocellular),1,0.007325559854507446,1.0,1
11:46254340:G>A,rs4409793,HepG2 (hepatocellular),-1,-0.22925880551338196,-1.0,0
11:55460629:C>T,rs137937503,HepG2 (hepatocellular),1,0.0005806111730635166,1.0,1
11:56010975:A>G,rs12272875,HepG2 (hepatocellular),1,0.007431119680404663,1.0,1
11:58914810:G>A,rs489782,HepG2 (hepatocellular),1,-0.0036863982677459717,-1.0,0
11:61105000:A>G,rs11230594,HepG2 (hepatocellular),-1,0.012022018432617188,1.0,1
11:62116553:A>C,rs4963460,HepG2 (hepatocellular),-1,0.0031746402382850647,1.0,1
11:64167359:C>G,rs115466248,HepG2 (hepatocellular),1,0.003956809639930725,1.0,1
11:65447879:C>T,rs112217205,HepG2 (hepatocellular),-1,-0.016214661300182343,-1.0,0
11:68266673:T>C,rs12417937,HepG2 (hepatocellular),1,-0.002043008804321289,-1.0,0
11:75074947:A>G,rs7936893,HepG2 (hepatocellular),1,0.0007370710372924805,1.0,1
11:75554675:A>C,rs7123968,HepG2 (hepatocellular),-1,-0.4852072596549988,-1.0,0
11:81278426:T>G,rs58322344,HepG2 (hepatocellular),-1,0.003244243562221527,1.0,1
11:83449554:T>G,rs2512672,HepG2 (hepatocellular),-1,0.001628391444683075,1.0,1
11:86354108:A>G,rs12221741,HepG2 (hepatocellular),1,5.440413951873779e-05,1.0,1
11:97784565:A>G,rs10789668,HepG2 (hepatocellular),1,0.001324038952589035,1.0,1
11:103832843:C>G,rs10895528,HepG2 (hepatocellular),1,0.000302385538816452,1.0,1
11:103910319:C>T,rs10895535,HepG2 (hepatocellular),-1,-0.0037648268043994904,-1.0,0
11:104128084:C>T,rs924562,HepG2 (hepatocellular),1,-0.0019631609320640564,-1.0,0
11:105294417:T>C,rs72975880,HepG2 (hepatocellular),1,0.002515869215130806,1.0,1
11:106634473:T>C,rs1793050,HepG2 (hepatocellular),-1,0.0015282072126865387,1.0,1
11:113042089:T>C,rs2155646,HepG2 (hepatocellular),1,0.014941960573196411,1.0,1
11:114571940:C>G,rs118076470,HepG2 (hepatocellular),-1,-0.002427816390991211,-1.0,0
11:116339416:C>T,rs10736484,HepG2 (hepatocellular),1,0.6288334131240845,1.0,1
11:116339495:A>G,rs4938263,HepG2 (hepatocellular),1,0.6885453462600708,1.0,1
11:117025837:G>C,rs10892064,HepG2 (hepatocellular),1,0.01389005035161972,1.0,1
11:126879726:G>A,rs57306615,HepG2 (hepatocellular),1,0.0119265615940094,1.0,1
11:130817180:C>T,rs11222330,HepG2 (hepatocellular),1,0.13235920667648315,1.0,1
19:523653:G>A,rs62130859,HepG2 (hepatocellular),-1,0.008153561502695084,1.0,1
19:5076766:C>T,rs2613776,HepG2 (hepatocellular),1,0.006215229630470276,1.0,1
19:6926367:T>C,rs2228539,HepG2 (hepatocellular),-1,0.005928054451942444,1.0,1
19:7011351:C>G,rs7249943,HepG2 (hepatocellular),-1,0.05282978713512421,1.0,1
19:7450809:A>G,rs554546310,HepG2 (hepatocellular),-1,-0.0023011192679405212,-1.0,0
19:14023686:G>T,rs35149963,HepG2 (hepatocellular),-1,-1.0942926704883575,-1.0,0
19:15601655:C>T,rs62115141,HepG2 (hepatocellular),1,-2.993270754814148e-06,-1.0,0
19:20956952:G>A,rs4432379,HepG2 (hepatocellular),1,0.001443309709429741,1.0,1
19:34859019:C>A,rs7248148,HepG2 (hepatocellular),1,0.002881412161514163,1.0,1
19:35174242:A>G,rs4806097,HepG2 (hepatocellular),1,0.002608543261885643,1.0,1
19:35697227:A>G,rs17776834,HepG2 (hepatocellular),1,0.0018893629312515259,1.0,1
19:38386048:C>T,rs80351552,HepG2 (hepatocellular),1,-0.019223615527153015,-1.0,0
19:38537245:C>A,rs78492779,HepG2 (hepatocellular),1,0.013198673725128174,1.0,1
19:39031697:A>C,rs12609401,HepG2 (hepatocellular),1,0.5375678539276123,1.0,1
19:40085275:T>C,rs337799,HepG2 (hepatocellular),-1,-0.14253012835979462,-1.0,0
19:41682658:C>G,rs536314070,HepG2 (hepatocellular),1,0.019064784049987793,1.0,1
19:45391427:A>C,rs35660919,HepG2 (hepatocellular),-1,0.009448856115341187,1.0,1
19:49368828:G>A,rs4802597,HepG2 (hepatocellular),-1,-0.0024775974452495575,-1.0,0
19:49928689:C>T,rs4802640,HepG2 (hepatocellular),1,0.048321664333343506,1.0,1
19:53225753:T>C,rs55779655,HepG2 (hepatocellular),1,0.00882992148399353,1.0,1
19:54232578:T>C,rs73936682,HepG2 (hepatocellular),-1,0.0034126341342926025,1.0,1
19:56687157:G>A,rs11084460,HepG2 (hepatocellular),-1,-0.0015412196516990662,-1.0,0
19:57076259:T>C,rs11673420,HepG2 (hepatocellular),-1,-0.34185469150543213,-1.0,0
2:195828:T>G,rs73146213,HepG2 (hepatocellular),-1,0.007440343499183655,1.0,1
2:1047666:T>C,rs4246558,HepG2 (hepatocellular),1,0.04686061292886734,1.0,1
2:1741506:T>C,rs13019541,HepG2 (hepatocellular),-1,-0.00629308819770813,-1.0,0
2:1741554:A>G,rs4853759,HepG2 (hepatocellular),-1,-0.003718651831150055,-1.0,0
2:2661870:T>C,rs140146704,HepG2 (hepatocellular),-1,-0.0006212741136550903,-1.0,0
2:3813256:G>C,rs2198533,HepG2 (hepatocellular),1,0.0024583376944065094,1.0,1
2:6207605:C>A,rs539017160,HepG2 (hepatocellular),1,0.0163072869181633,1.0,1
2:6212646:T>C,rs10206937,HepG2 (hepatocellular),1,0.003173515200614929,1.0,1
2:7910707:G>C,rs888131,HepG2 (hepatocellular),-1,0.003238566219806671,1.0,1
2:8574859:T>C,rs10173427,HepG2 (hepatocellular),1,0.15151184797286987,1.0,1
2:8577081:G>A,rs16866727,HepG2 (hepatocellular),1,0.004968404769897461,1.0,1
2:14813081:C>T,rs7562308,HepG2 (hepatocellular),1,-0.0002960972487926483,-1.0,0
2:17800417:G>T,rs300159,HepG2 (hepatocellular),1,0.024938225746154785,1.0,1
2:19678354:G>A,rs10197291,HepG2 (hepatocellular),-1,-0.010636165738105774,-1.0,0
2:22984266:C>A,rs6718352,HepG2 (hepatocellular),1,-0.00019422732293605804,-1.0,0
2:23077760:A>C,rs17044739,HepG2 (hepatocellular),-1,-0.012578807771205902,-1.0,0
2:26339928:A>G,rs1346796,HepG2 (hepatocellular),-1,-0.16000941395759583,-1.0,0
2:26497732:A>C,rs6547064,HepG2 (hepatocellular),-1,-0.001627594232559204,-1.0,0
2:28742290:T>C,rs4580350,HepG2 (hepatocellular),1,0.0037629343569278717,1.0,1
2:29397105:G>A,rs7591913,HepG2 (hepatocellular),-1,-0.001373250037431717,-1.0,0
2:46114532:G>A,rs4952799,HepG2 (hepatocellular),-1,-0.0008948971517384052,-1.0,0
2:46417388:G>A,rs72618622,HepG2 (hepatocellular),-1,-0.35843339562416077,-1.0,0
2:46417412:C>G,rs67435514,HepG2 (hepatocellular),-1,-0.33248013257980347,-1.0,0
2:54234426:A>T,rs13412139,HepG2 (hepatocellular),-1,-0.008840791881084442,-1.0,0
2:58295250:A>G,rs12615658,HepG2 (hepatocellular),1,0.00026656873524188995,1.0,1
2:58386054:C>T,rs189651338,HepG2 (hepatocellular),-1,-0.001620486844331026,-1.0,0
2:68403468:G>C,rs58351400,HepG2 (hepatocellular),-1,0.01526835560798645,1.0,1
2:68860238:G>A,rs7589848,HepG2 (hepatocellular),1,-0.0015766918659210205,-1.0,0
2:69074176:G>A,rs13427290,HepG2 (hepatocellular),1,0.08706791698932648,1.0,1
2:73032387:A>C,rs13392698,HepG2 (hepatocellular),-1,-0.44966840744018555,-1.0,0
2:74120449:G>T,rs1667619,HepG2 (hepatocellular),1,-0.01973438262939453,-1.0,0
2:75390369:T>G,rs13429274,HepG2 (hepatocellular),-1,-0.0042802393436431885,-1.0,0
2:86013691:G>T,rs79793921,HepG2 (hepatocellular),1,-0.013824090361595154,-1.0,0
2:89852038:G>A,rs140619893,HepG2 (hepatocellular),1,-0.00036829710006713867,-1.0,0
2:99155070:C>T,rs2516834,HepG2 (hepatocellular),1,0.0022835731506347656,1.0,1
2:101294923:A>G,rs3828194,HepG2 (hepatocellular),1,0.001245647668838501,1.0,1
2:110314218:T>G,rs556746045,HepG2 (hepatocellular),-1,-0.0023152604699134827,-1.0,0
2:119793253:A>G,rs11689531,HepG2 (hepatocellular),-1,0.0018806308507919312,1.0,1
2:121529950:G>A,rs934765,HepG2 (hepatocellular),-1,-0.0035771727561950684,-1.0,0
2:132588721:T>A,rs12691825,HepG2 (hepatocellular),1,0.1590801477432251,1.0,1
2:132991529:C>T,rs4954016,HepG2 (hepatocellular),-1,0.0005188360810279846,1.0,1
2:135151892:G>A,rs4954221,HepG2 (hepatocellular),-1,0.00026392191648483276,1.0,1
2:135564381:A>G,rs6430580,HepG2 (hepatocellular),1,0.0007803821936249733,1.0,1
2:138644900:C>G,rs6706245,HepG2 (hepatocellular),-1,-0.010233394801616669,-1.0,0
2:138831935:A>G,rs111543763,HepG2 (hepatocellular),1,0.0018975287675857544,1.0,1
2:149963026:C>T,rs959499,HepG2 (hepatocellular),-1,-0.0017482377588748932,-1.0,0
2:152755668:C>G,rs527496834,HepG2 (hepatocellular),-1,0.012566905468702316,1.0,1
2:153765764:A>T,rs58867276,HepG2 (hepatocellular),-1,0.0009604990482330322,1.0,1
2:155873875:C>A,rs71419073,HepG2 (hepatocellular),1,-0.0018915608525276184,-1.0,0
2:159884064:G>A,rs12692571,HepG2 (hepatocellular),-1,-0.0036510564386844635,-1.0,0
2:161923410:A>G,rs62188852,HepG2 (hepatocellular),1,0.001110527664422989,1.0,1
2:169825274:T>C,rs62173079,HepG2 (hepatocellular),1,0.005084365606307983,1.0,1
2:170175721:T>C,rs73023190,HepG2 (hepatocellular),-1,0.0012476705014705658,1.0,1
2:173658687:A>G,rs10185864,HepG2 (hepatocellular),-1,0.0024652034044265747,1.0,1
2:180625625:G>T,rs10803941,HepG2 (hepatocellular),-1,-0.013017348945140839,-1.0,0
2:187659290:A>C,rs12989374,HepG2 (hepatocellular),1,0.005301117897033691,1.0,1
2:189449164:C>T,rs17271036,HepG2 (hepatocellular),-1,-0.0004960410296916962,-1.0,0
2:190167276:A>G,rs2690743,HepG2 (hepatocellular),1,0.0024091824889183044,1.0,1
2:190829828:A>G,rs2883715,HepG2 (hepatocellular),-1,-0.0014495253562927246,-1.0,0
2:199622253:G>T,rs983677,HepG2 (hepatocellular),-1,-0.0020298995077610016,-1.0,0
2:200615386:A>G,rs10179330,HepG2 (hepatocellular),1,0.16519233584403992,1.0,1
2:204457132:G>A,rs78619939,HepG2 (hepatocellular),1,-0.0018525458872318268,-1.0,0
2:204996689:G>A,rs7578033,HepG2 (hepatocellular),-1,-4.2664119973778725e-05,-1.0,0
2:219985119:A>G,rs13403389,HepG2 (hepatocellular),1,0.002871692180633545,1.0,1
2:230574802:G>A,rs56047456,HepG2 (hepatocellular),-1,-0.004236847162246704,-1.0,0
2:230887149:T>C,rs6725408,HepG2 (hepatocellular),-1,-0.003064259886741638,-1.0,0
2:231971516:C>T,rs111888380,HepG2 (hepatocellular),1,0.0002330578863620758,1.0,1
2:233744071:C>T,rs17864701,HepG2 (hepatocellular),-1,-0.004082530736923218,-1.0,0
2:233786081:G>A,rs7581102,HepG2 (hepatocellular),-1,0.0008570849895477295,1.0,1
2:234635793:A>G,rs2010429,HepG2 (hepatocellular),1,0.000513717532157898,1.0,1
2:234680283:G>A,rs76166956,HepG2 (hepatocellular),-1,0.24695909023284912,1.0,1
2:240053046:G>A,rs111766315,HepG2 (hepatocellular),1,-0.0029529035091400146,-1.0,0
2:241484297:G>A,rs140628478,HepG2 (hepatocellular),-1,-0.0035199224948883057,-1.0,0
6:3485070:T>C,rs1205033,HepG2 (hepatocellular),1,0.0010674074292182922,1.0,1
6:7847695:C>T,rs267195,HepG2 (hepatocellular),1,-0.003427959978580475,-1.0,0
6:10929896:C>T,rs1225727,HepG2 (hepatocellular),-1,-0.0006201080977916718,-1.0,0
6:14412198:T>C,rs9382964,HepG2 (hepatocellular),-1,-0.00532914325594902,-1.0,0
6:14832601:T>G,rs113460529,HepG2 (hepatocellular),1,0.004421554505825043,1.0,1
6:16813059:C>T,rs9383209,HepG2 (hepatocellular),1,-0.0014050044119358063,-1.0,0
6:18656231:G>C,rs7450329,HepG2 (hepatocellular),1,0.0022949576377868652,1.0,1
6:25071019:G>A,rs9295645,HepG2 (hepatocellular),1,0.0038709640502929688,1.0,1
6:30095883:T>G,rs7761563,HepG2 (hepatocellular),-1,-0.4130744934082031,-1.0,0
6:30095956:C>T,rs7741418,HepG2 (hepatocellular),-1,-0.5182620882987976,-1.0,0
6:32781763:C>T,rs368618879,HepG2 (hepatocellular),-1,0.0007958672940731049,1.0,1
6:32797674:C>T,rs1383261,HepG2 (hepatocellular),-1,-0.006731390953063965,-1.0,0
6:33122820:A>G,rs72874664,HepG2 (hepatocellular),-1,-0.044390540570020676,-1.0,0
6:33177592:C>A,rs2076311,HepG2 (hepatocellular),-1,0.0008993297815322876,1.0,1
6:36511397:C>A,rs144861142,HepG2 (hepatocellular),1,0.006339648738503456,1.0,1
6:37557210:A>G,rs1757185,HepG2 (hepatocellular),1,0.0034849047660827637,1.0,1
6:41222164:C>A,rs549094597,HepG2 (hepatocellular),1,-0.0026969388127326965,-1.0,0
6:41618057:A>G,rs115371691,HepG2 (hepatocellular),1,0.005767747759819031,1.0,1
6:53741203:A>T,rs9463971,HepG2 (hepatocellular),1,0.006862953305244446,1.0,1
6:54883006:C>T,rs9382391,HepG2 (hepatocellular),1,0.0004291888326406479,1.0,1
6:56975381:A>G,rs112950080,HepG2 (hepatocellular),1,0.0012246482074260712,1.0,1
6:60587600:A>G,rs2263342,HepG2 (hepatocellular),1,0.0026976093649864197,1.0,1
6:68748091:C>T,rs12197038,HepG2 (hepatocellular),-1,-0.00017823092639446259,-1.0,0
6:76109925:A>T,rs144980836,HepG2 (hepatocellular),-1,0.0014769452682230622,1.0,1
6:76533317:A>G,rs4329074,HepG2 (hepatocellular),1,0.0014878585934638977,1.0,1
6:77544452:T>C,rs12663684,HepG2 (hepatocellular),1,0.0005508027970790863,1.0,1
6:80498274:A>T,rs3011301,HepG2 (hepatocellular),-1,0.012388229370117188,1.0,1
6:83867753:G>A,rs6911374,HepG2 (hepatocellular),-1,-0.0065634846687316895,-1.0,0
6:87115591:T>A,rs1075068,HepG2 (hepatocellular),-1,-0.005191180855035782,-1.0,0
6:88691099:C>T,rs562828522,HepG2 (hepatocellular),-1,0.0037037432193756104,1.0,1
6:91420361:G>A,rs77053767,HepG2 (hepatocellular),-1,0.001976311206817627,1.0,1
6:91748779:A>G,rs78734058,HepG2 (hepatocellular),1,0.000735066831111908,1.0,1
6:94725634:C>T,rs9363234,HepG2 (hepatocellular),1,0.0013935007154941559,1.0,1
6:100504998:C>T,rs240763,HepG2 (hepatocellular),-1,-0.032704778015613556,-1.0,0
6:102044654:G>T,rs2518149,HepG2 (hepatocellular),-1,7.803365588188171e-05,1.0,1
6:104431547:G>A,rs9391202,HepG2 (hepatocellular),-1,-0.0004934947937726974,-1.0,0
6:109424756:G>C,rs10872033,HepG2 (hepatocellular),1,-0.03698907047510147,-1.0,0
6:110403517:A>G,rs11153233,HepG2 (hepatocellular),-1,0.0011231303215026855,1.0,1
6:111593689:G>A,rs174386,HepG2 (hepatocellular),-1,-0.049301400780677795,-1.0,0
6:116060831:T>C,rs1999929,HepG2 (hepatocellular),-1,-0.6582247614860535,-1.0,0
6:128830448:A>G,rs4418210,HepG2 (hepatocellular),-1,-0.0004598274827003479,-1.0,0
6:132764322:G>A,rs11154696,HepG2 (hepatocellular),1,-0.002467319369316101,-1.0,0
6:133242621:T>C,rs62430275,HepG2 (hepatocellular),1,0.026383131742477417,1.0,1
6:133332064:T>G,rs401913,HepG2 (hepatocellular),1,0.004057370126247406,1.0,1
6:136992317:G>A,rs57346106,HepG2 (hepatocellular),1,0.03809196501970291,1.0,1
6:143290451:T>C,rs9496559,HepG2 (hepatocellular),-1,-0.0006101951003074646,-1.0,0
6:148317888:G>T,rs67077262,HepG2 (hepatocellular),1,0.0671943724155426,1.0,1
6:148856684:G>C,rs9390616,HepG2 (hepatocellular),1,0.0011763274669647217,1.0,1
6:150855753:G>A,rs9371478,HepG2 (hepatocellular),1,-0.0021431557834148407,-1.0,0
6:152304877:T>G,rs9479288,HepG2 (hepatocellular),1,-0.0009167119860649109,-1.0,0
6:156034118:T>C,rs13194470,HepG2 (hepatocellular),-1,0.0001427195966243744,1.0,1
6:156361749:T>G,rs7759990,HepG2 (hepatocellular),1,-0.0013145027915015817,-1.0,0
6:159599859:C>T,rs79945365,HepG2 (hepatocellular),1,-0.0018620789051055908,-1.0,0
6:160349511:A>G,rs655185,HepG2 (hepatocellular),1,0.0037684589624404907,1.0,1
6:161654684:C>T,rs17576062,HepG2 (hepatocellular),-1,-0.006860494613647461,-1.0,0
6:162762531:C>T,rs9456810,HepG2 (hepatocellular),-1,-0.0013154670596122742,-1.0,0
6:163095607:G>A,rs9458722,HepG2 (hepatocellular),-1,-0.0007588788866996765,-1.0,0
6:165516435:C>T,rs62443797,HepG2 (hepatocellular),-1,-0.0022605545818805695,-1.0,0
6:165516572:C>A,rs16897954,HepG2 (hepatocellular),1,-0.0008219890296459198,-1.0,0
6:165577737:C>A,rs6922769,HepG2 (hepatocellular),1,-0.002748832106590271,-1.0,0
6:165600631:T>G,rs555894091,HepG2 (hepatocellular),1,0.0004914999008178711,1.0,1
6:168352387:G>A,rs150604544,HepG2 (hepatocellular),1,-0.0024260729551315308,-1.0,0
6:168411312:A>C,rs2609308,HepG2 (hepatocellular),-1,-0.003026410937309265,-1.0,0
6:169509913:T>G,rs9478033,HepG2 (hepatocellular),-1,0.0013346844934858382,1.0,1
11:5145216:C>T,rs111638327,K562 (erythroleukemia),-1,0.027721494436264038,1.0,1
11:5416965:G>A,rs11037375,K562 (erythroleukemia),-1,3.994937287643552e-05,1.0,1
11:5683589:A>G,rs6578674,K562 (erythroleukemia),-1,0.0038815829902887344,1.0,1
11:6890041:G>T,rs721120,K562 (erythroleukemia),1,0.0024708136916160583,1.0,1
11:7038750:G>A,rs61063081,K562 (erythroleukemia),1,-0.0013301670551300049,-1.0,0
11:7605675:A>G,rs557773791,K562 (erythroleukemia),1,0.05924004316329956,1.0,1
11:8039553:C>T,rs10769865,K562 (erythroleukemia),1,0.003247007727622986,1.0,1
11:11784780:G>A,rs6485214,K562 (erythroleukemia),1,-0.0014858245849609375,-1.0,0
11:13749371:G>A,rs58846953,K562 (erythroleukemia),1,-0.0003380775451660156,-1.0,0
11:16857380:A>G,rs378863,K562 (erythroleukemia),1,0.34657955169677734,1.0,1
11:18336696:T>C,rs4150584,K562 (erythroleukemia),1,0.0019459128379821777,1.0,1
11:19215129:C>T,rs4757770,K562 (erythroleukemia),1,-0.0013982485979795456,-1.0,0
11:25647810:A>G,rs146165599,K562 (erythroleukemia),1,-0.0004672507056966424,-1.0,0
11:26455761:G>A,rs7935249,K562 (erythroleukemia),-1,1.650315971346572e-05,1.0,1
11:26580970:T>A,rs446946,K562 (erythroleukemia),-1,-0.0008130371570587158,-1.0,0
11:34916722:C>T,rs1049306,K562 (erythroleukemia),-1,-0.0378420352935791,-1.0,0
11:36557526:C>G,rs12272616,K562 (erythroleukemia),-1,-0.005383644253015518,-1.0,0
11:38163268:A>G,rs2927226,K562 (erythroleukemia),-1,0.0024967435747385025,1.0,1
11:38758842:G>C,rs7944859,K562 (erythroleukemia),1,-0.0018501505255699158,-1.0,0
11:39144231:C>T,rs61887592,K562 (erythroleukemia),-1,-0.0016281083226203918,-1.0,0
11:39542230:C>T,rs11035318,K562 (erythroleukemia),-1,-0.003488585352897644,-1.0,0
11:39888433:G>T,rs6485148,K562 (erythroleukemia),-1,-0.0028853104449808598,-1.0,0
11:47214854:C>G,rs4237547,K562 (erythroleukemia),1,-0.0008254051208496094,-1.0,0
11:48820512:T>C,rs11040062,K562 (erythroleukemia),-1,-0.00015893671661615372,-1.0,0
11:50298609:T>C,rs10794225,K562 (erythroleukemia),1,0.08638811111450195,1.0,1
11:58000227:C>T,rs12419359,K562 (erythroleukemia),-1,-0.004286527633666992,-1.0,0
11:63614551:C>A,rs2030729,K562 (erythroleukemia),1,-0.12667500972747803,-1.0,0
11:64473126:C>T,rs116573312,K562 (erythroleukemia),-1,-0.03348356485366821,-1.0,0
11:64645253:C>T,rs3016759,K562 (erythroleukemia),-1,-0.007930725812911987,-1.0,0
11:65553309:G>A,rs4244811,K562 (erythroleukemia),1,0.1445446014404297,1.0,1
11:66002338:G>C,rs1786171,K562 (erythroleukemia),1,-0.09747314453125,-1.0,0
11:72449784:A>G,rs11823672,K562 (erythroleukemia),1,0.0019583404064178467,1.0,1
11:74171215:T>G,rs1726746,K562 (erythroleukemia),1,-0.0614471435546875,-1.0,0
11:74321967:A>G,rs3894652,K562 (erythroleukemia),-1,0.023483693599700928,1.0,1
11:75583878:G>A,rs11236460,K562 (erythroleukemia),-1,-0.6300097703933716,-1.0,0
11:79116850:G>A,rs10793361,K562 (erythroleukemia),1,0.0008699521422386169,1.0,1
11:80258248:C>G,rs116853516,K562 (erythroleukemia),-1,-0.0008405875414609909,-1.0,0
11:80533383:G>A,rs7104484,K562 (erythroleukemia),1,7.608532905578613e-05,1.0,1
11:81037911:C>T,rs72939906,K562 (erythroleukemia),1,-0.0012764781713485718,-1.0,0
11:86573564:T>C,rs10792858,K562 (erythroleukemia),1,0.014938445761799812,1.0,1
11:90360144:G>A,rs7927272,K562 (erythroleukemia),1,-0.0032160691916942596,-1.0,0
11:95789959:C>G,rs11021319,K562 (erythroleukemia),1,-1.1490139961242676,-1.0,0
11:95923947:T>G,rs3824874,K562 (erythroleukemia),1,-0.030046463012695312,-1.0,0
11:96265531:G>A,rs12575683,K562 (erythroleukemia),-1,0.006368450820446014,1.0,1
11:100653040:G>A,rs113503439,K562 (erythroleukemia),-1,-6.156601011753082e-05,-1.0,0
11:102279711:A>C,rs2604531,K562 (erythroleukemia),1,0.0007269158959388733,1.0,1
11:108512107:T>C,rs141078173,K562 (erythroleukemia),1,0.002453908324241638,1.0,1
11:115071550:C>G,rs71486287,K562 (erythroleukemia),1,0.003135405480861664,1.0,1
11:117722404:T>C,rs11216515,K562 (erythroleukemia),1,0.017673753201961517,1.0,1
11:118102989:A>G,rs2276130,K562 (erythroleukemia),1,0.006528139114379883,1.0,1
11:119006853:C>T,rs58709307,K562 (erythroleukemia),-1,0.0025523193180561066,1.0,1
11:121192068:C>T,rs60016568,K562 (erythroleukemia),-1,-0.2291109561920166,-1.0,0
11:123771295:T>C,rs58865771,K562 (erythroleukemia),-1,-0.0011365599930286407,-1.0,0
11:123822215:T>A,rs11826594,K562 (erythroleukemia),1,0.03982093930244446,1.0,1
11:124170253:G>A,rs2512259,K562 (erythroleukemia),1,0.024395059794187546,1.0,1
11:131235553:C>A,rs1110016,K562 (erythroleukemia),-1,-0.013223446905612946,-1.0,0
11:134507972:G>A,rs151043343,K562 (erythroleukemia),1,-0.0003097057342529297,-1.0,0
19:386830:T>C,rs56749387,K562 (erythroleukemia),1,0.00569000281393528,1.0,1
19:1063108:C>T,rs76478790,K562 (erythroleukemia),-1,0.09491229057312012,1.0,1
19:6393141:G>A,rs3088023,K562 (erythroleukemia),-1,-0.04638242721557617,-1.0,0
19:6761368:C>T,rs59615742,K562 (erythroleukemia),1,0.00311279296875,1.0,1
19:7593244:T>C,rs10416592,K562 (erythroleukemia),-1,-0.0020095668733119965,-1.0,0
19:11114478:G>A,rs10417295,K562 (erythroleukemia),1,-0.0039079636335372925,-1.0,0
19:18919762:C>T,rs2231992,K562 (erythroleukemia),-1,0.012027263641357422,1.0,1
19:19541348:G>A,rs76790018,K562 (erythroleukemia),-1,-0.025617361068725586,-1.0,0
19:20547401:A>C,rs2562645,K562 (erythroleukemia),1,6.468966603279114e-06,1.0,1
19:32304738:G>A,rs547537480,K562 (erythroleukemia),1,-0.00020184367895126343,-1.0,0
19:35870188:T>C,rs376240,K562 (erythroleukemia),-1,0.2711758613586426,1.0,1
19:37063491:C>A,rs8110158,K562 (erythroleukemia),-1,-0.001866023987531662,-1.0,0
19:45501880:C>G,rs552476582,K562 (erythroleukemia),1,-0.0015595555305480957,-1.0,0
19:46240363:C>G,rs117788163,K562 (erythroleukemia),-1,-0.020277373492717743,-1.0,0
19:48206923:C>T,rs11669584,K562 (erythroleukemia),-1,-0.016016989946365356,-1.0,0
19:48888328:A>G,rs8112951,K562 (erythroleukemia),1,0.6396300494670868,1.0,1
19:49113819:T>G,rs4802560,K562 (erythroleukemia),-1,0.22260749340057373,1.0,1
19:49677009:C>G,rs975484,K562 (erythroleukemia),-1,0.06180286407470703,1.0,1
19:50818001:C>T,rs3212846,K562 (erythroleukemia),1,0.6727731227874756,1.0,1
19:52962977:G>A,rs11883116,K562 (erythroleukemia),-1,0.06331014633178711,1.0,1
19:55113061:G>A,rs56350931,K562 (erythroleukemia),1,0.35733041167259216,1.0,1
19:56839577:A>C,rs112234833,K562 (erythroleukemia),-1,-0.003861665725708008,-1.0,0
19:58155204:G>T,rs76730102,K562 (erythroleukemia),-1,-0.13037729263305664,-1.0,0
2:253566:C>A,rs9309729,K562 (erythroleukemia),1,0.02826811373233795,1.0,1
2:601163:A>G,rs2683993,K562 (erythroleukemia),1,0.09151875972747803,1.0,1
2:5964381:C>G,rs4669983,K562 (erythroleukemia),1,0.004069577902555466,1.0,1
2:8677673:C>T,rs1434123,K562 (erythroleukemia),1,0.028752624988555908,1.0,1
2:9631071:C>G,rs2091210,K562 (erythroleukemia),-1,0.0793161392211914,1.0,1
2:10006009:C>T,rs4668661,K562 (erythroleukemia),1,-0.0271197110414505,-1.0,0
2:11129925:C>G,rs10166997,K562 (erythroleukemia),-1,-0.14757275581359863,-1.0,0
2:13141247:G>A,rs1842818,K562 (erythroleukemia),1,0.0005353093147277832,1.0,1
2:17909180:G>A,rs181974024,K562 (erythroleukemia),-1,0.0027906037867069244,1.0,1
2:24974028:G>A,rs34168681,K562 (erythroleukemia),1,-0.00019365549087524414,-1.0,0
2:25813792:T>C,rs112612812,K562 (erythroleukemia),-1,0.0013644136488437653,1.0,1
2:34992613:A>G,rs116323998,K562 (erythroleukemia),-1,0.002286802977323532,1.0,1
2:36807360:G>A,rs10180537,K562 (erythroleukemia),1,0.18809720873832703,1.0,1
2:38092354:C>A,rs162330,K562 (erythroleukemia),-1,-0.1524091511964798,-1.0,0
2:43987448:T>C,rs11124959,K562 (erythroleukemia),-1,0.0026881545782089233,1.0,1
2:45813654:A>G,rs4953262,K562 (erythroleukemia),1,0.014514192938804626,1.0,1
2:46873879:C>G,rs116578558,K562 (erythroleukemia),-1,0.016788899898529053,1.0,1
2:52910778:G>A,rs13406642,K562 (erythroleukemia),1,-0.0014325380325317383,-1.0,0
2:54572462:G>T,rs10205410,K562 (erythroleukemia),-1,-0.26737046241760254,-1.0,0
2:55441635:A>C,rs13028756,K562 (erythroleukemia),1,-0.17297875881195068,-1.0,0
2:60189535:A>C,rs571612238,K562 (erythroleukemia),-1,-0.0010304010938853025,-1.0,0
2:64751572:G>A,rs12623363,K562 (erythroleukemia),1,1.0802662372589111,1.0,1
2:65436012:T>C,rs13391635,K562 (erythroleukemia),-1,-0.00047087669372558594,-1.0,0
2:70104713:T>C,rs141592366,K562 (erythroleukemia),1,0.009737938642501831,1.0,1
2:70796300:T>C,rs1122616,K562 (erythroleukemia),-1,-0.00386221706867218,-1.0,0
2:74380390:A>G,rs13411165,K562 (erythroleukemia),-1,0.0028033852577209473,1.0,1
2:77244755:C>A,rs10172757,K562 (erythroleukemia),-1,-0.000768858939409256,-1.0,0
2:77977580:A>G,rs1527176,K562 (erythroleukemia),1,-0.0353102833032608,-1.0,0
2:79026249:C>T,rs425846,K562 (erythroleukemia),-1,-0.00535234808921814,-1.0,0
2:79629091:G>A,rs72822513,K562 (erythroleukemia),-1,-0.0001697242259979248,-1.0,0
2:79810331:C>T,rs114698122,K562 (erythroleukemia),-1,-0.0012077800929546356,-1.0,0
2:83089246:T>C,rs62147083,K562 (erythroleukemia),-1,-0.0008817845955491066,-1.0,0
2:97723646:C>G,rs75699372,K562 (erythroleukemia),1,0.006698727607727051,1.0,1
2:98139609:T>C,rs4318433,K562 (erythroleukemia),-1,2.3620203137397766e-05,1.0,1
2:101440542:T>C,rs62154278,K562 (erythroleukemia),-1,0.01341623067855835,1.0,1
2:102619188:G>C,rs7598839,K562 (erythroleukemia),1,-0.0265313982963562,-1.0,0
2:103898708:G>A,rs58366653,K562 (erythroleukemia),1,-0.000669088214635849,-1.0,0
2:105177984:C>T,rs4851736,K562 (erythroleukemia),1,-0.00410790741443634,-1.0,0
2:105599292:C>T,rs17031337,K562 (erythroleukemia),-1,-0.012456014752388,-1.0,0
2:107469004:A>C,rs1651155,K562 (erythroleukemia),1,0.005156219005584717,1.0,1
2:110194255:G>A,rs182389674,K562 (erythroleukemia),1,5.9930316638201475e-06,1.0,1
2:111626257:G>A,rs536131683,K562 (erythroleukemia),-1,0.028985127806663513,1.0,1
2:124255623:A>T,rs779997,K562 (erythroleukemia),1,0.00012108683586120605,1.0,1
2:124670179:C>T,rs11674033,K562 (erythroleukemia),-1,-0.0004509035497903824,-1.0,0
2:125386415:A>G,rs13419964,K562 (erythroleukemia),1,0.0008005239069461823,1.0,1
2:127848080:T>G,rs13382312,K562 (erythroleukemia),1,-0.00036531686782836914,-1.0,0
2:128091109:G>T,rs6759175,K562 (erythroleukemia),1,0.10301780700683594,1.0,1
2:128305268:A>C,rs13014434,K562 (erythroleukemia),1,0.014552801847457886,1.0,1
2:128473087:T>G,rs1992249,K562 (erythroleukemia),1,0.15392881631851196,1.0,1
2:132116782:T>G,rs4954239,K562 (erythroleukemia),1,0.0008226130157709122,1.0,1
2:134679835:A>G,rs4440018,K562 (erythroleukemia),-1,-0.3610926866531372,-1.0,0
2:135530833:G>A,rs7577362,K562 (erythroleukemia),-1,0.13616514205932617,1.0,1
2:136759220:G>A,rs6430669,K562 (erythroleukemia),-1,0.0013425294309854507,1.0,1
2:140510004:G>A,rs35821928,K562 (erythroleukemia),1,-0.00010613352060317993,-1.0,0
2:141315770:C>A,rs77492033,K562 (erythroleukemia),1,-0.0013494174927473068,-1.0,0
2:142809734:C>A,rs201374004,K562 (erythroleukemia),1,-0.00029942719265818596,-1.0,0
2:143826905:T>G,rs13407484,K562 (erythroleukemia),1,0.0021168366074562073,1.0,1
2:144901721:C>T,rs1085419,K562 (erythroleukemia),1,0.0001100876834243536,1.0,1
2:146734200:G>A,rs72851973,K562 (erythroleukemia),1,-0.007542401552200317,-1.0,0
2:149339096:A>G,rs10445727,K562 (erythroleukemia),1,0.001714266836643219,1.0,1
2:152895749:G>A,rs12693501,K562 (erythroleukemia),-1,-0.006545841693878174,-1.0,0
2:162591602:A>G,rs6754597,K562 (erythroleukemia),-1,-0.0022763945162296295,-1.0,0
2:168984903:A>C,rs151219481,K562 (erythroleukemia),1,0.0012996867299079895,1.0,1
2:171468988:G>A,rs61731491,K562 (erythroleukemia),1,-0.0023321956396102905,-1.0,0
2:171875300:G>A,rs6711813,K562 (erythroleukemia),1,-0.0009694844484329224,-1.0,0
2:174723949:T>C,rs140381388,K562 (erythroleukemia),-1,0.004025233909487724,1.0,1
2:178864354:C>T,rs6709708,K562 (erythroleukemia),-1,-0.004667311906814575,-1.0,0
2:181663893:G>A,rs13019917,K562 (erythroleukemia),1,8.926959708333015e-06,1.0,1
2:183508316:C>T,rs113361590,K562 (erythroleukemia),-1,-0.010320793837308884,-1.0,0
2:183794557:G>A,rs13425010,K562 (erythroleukemia),1,-0.0015895362012088299,-1.0,0
2:183796120:A>C,rs190343497,K562 (erythroleukemia),1,0.0005278183380141854,1.0,1
2:183878638:C>T,rs1095475,K562 (erythroleukemia),-1,-0.0012011434882879257,-1.0,0
2:184712509:A>T,rs13389241,K562 (erythroleukemia),1,-0.0001309327781200409,-1.0,0
2:187518157:C>T,rs6740531,K562 (erythroleukemia),1,-0.003208918496966362,-1.0,0
2:190471525:C>T,rs192189751,K562 (erythroleukemia),-1,-0.009189920499920845,-1.0,0
2:212785633:G>C,rs4673681,K562 (erythroleukemia),-1,-0.002290095668286085,-1.0,0
2:215253479:A>T,rs28840073,K562 (erythroleukemia),-1,0.009866120293736458,1.0,1
2:215312057:C>T,rs28366034,K562 (erythroleukemia),1,0.24901723861694336,1.0,1
2:217187718:T>C,rs546790848,K562 (erythroleukemia),1,0.05445081740617752,1.0,1
2:219597918:G>T,rs681747,K562 (erythroleukemia),1,-0.12197351455688477,-1.0,0
2:219661734:G>C,rs115080629,K562 (erythroleukemia),-1,0.2689749002456665,1.0,1
2:222040142:C>T,rs992454,K562 (erythroleukemia),-1,-0.0021914392709732056,-1.0,0
2:223481325:G>A,rs1989284,K562 (erythroleukemia),-1,-0.0008775312453508377,-1.0,0
2:224455113:A>T,rs10180298,K562 (erythroleukemia),-1,-0.022081337869167328,-1.0,0
2:227685401:A>G,rs111409314,K562 (erythroleukemia),1,0.02756432443857193,1.0,1
2:227685434:G>A,rs1134281,K562 (erythroleukemia),1,-0.00392480194568634,-1.0,0
2:229185865:C>T,rs62190435,K562 (erythroleukemia),1,0.0006878189742565155,1.0,1
2:230063404:C>T,rs76967594,K562 (erythroleukemia),1,-0.0031690970063209534,-1.0,0
2:233687171:A>C,rs6753569,K562 (erythroleukemia),1,0.006942294538021088,1.0,1
2:233755414:G>T,rs11673726,K562 (erythroleukemia),-1,0.003428816795349121,1.0,1
2:235974901:A>G,rs72989289,K562 (erythroleukemia),1,0.01538442075252533,1.0,1
6:469716:T>C,rs62390368,K562 (erythroleukemia),-1,0.0038619786500930786,1.0,1
6:1442256:C>G,rs1922934,K562 (erythroleukemia),-1,0.021042779088020325,1.0,1
6:3024910:T>C,rs1040862,K562 (erythroleukemia),-1,-0.25644880533218384,-1.0,0
6:6230414:A>G,rs6903185,K562 (erythroleukemia),-1,-0.026988454163074493,-1.0,0
6:10426168:G>A,rs115633233,K562 (erythroleukemia),-1,0.008404821157455444,1.0,1
6:10855360:G>T,rs9379839,K562 (erythroleukemia),1,-0.02132415771484375,-1.0,0
6:13395326:T>C,rs536916,K562 (erythroleukemia),1,-0.03432643413543701,-1.0,0
6:13860591:T>G,rs12214124,K562 (erythroleukemia),-1,-0.0013674497604370117,-1.0,0
6:16458619:C>T,rs9396674,K562 (erythroleukemia),1,0.02123609557747841,1.0,1
6:17744727:C>G,rs113986469,K562 (erythroleukemia),-1,0.021562479436397552,1.0,1
6:21755046:G>C,rs17491,K562 (erythroleukemia),1,0.03946229815483093,1.0,1
6:24570658:T>G,rs807524,K562 (erythroleukemia),-1,0.003196433186531067,1.0,1
6:30136063:C>T,rs9261466,K562 (erythroleukemia),-1,-0.024035245180130005,-1.0,0
6:30720290:C>G,rs17189357,K562 (erythroleukemia),-1,0.03788137435913086,1.0,1
6:31198185:G>A,rs3130463,K562 (erythroleukemia),1,0.11391711235046387,1.0,1
6:31652243:A>G,rs813115,K562 (erythroleukemia),-1,0.021544694900512695,1.0,1
6:33287592:C>T,rs465151,K562 (erythroleukemia),1,0.0022401660680770874,1.0,1
6:35299938:C>T,rs7769906,K562 (erythroleukemia),1,0.08973568677902222,1.0,1
6:36079321:T>C,rs9470215,K562 (erythroleukemia),1,0.0016753003001213074,1.0,1
6:36750197:G>A,rs77463948,K562 (erythroleukemia),1,0.08385065197944641,1.0,1
6:36976011:A>G,rs6905093,K562 (erythroleukemia),1,0.00799793004989624,1.0,1
6:47037405:A>T,rs76401629,K562 (erythroleukemia),1,-0.000524621456861496,-1.0,0
6:48362073:T>C,rs7755638,K562 (erythroleukemia),1,0.0026042982935905457,1.0,1
6:48778829:A>T,rs2495883,K562 (erythroleukemia),-1,0.0020766891539096832,1.0,1
6:50249639:C>T,rs56288879,K562 (erythroleukemia),1,0.001958165317773819,1.0,1
6:51795216:A>T,rs6910593,K562 (erythroleukemia),-1,-0.0013046357780694962,-1.0,0
6:55951313:G>A,rs6900078,K562 (erythroleukemia),-1,0.002816019579768181,1.0,1
6:61862196:C>T,rs9445539,K562 (erythroleukemia),-1,-0.004456281661987305,-1.0,0
6:62373835:T>G,rs62416570,K562 (erythroleukemia),1,-0.0011327452957630157,-1.0,0
6:63077663:T>C,rs789949,K562 (erythroleukemia),1,0.0014448678120970726,1.0,1
6:71286813:G>A,rs112824477,K562 (erythroleukemia),1,-0.0018695816397666931,-1.0,0
6:73422641:T>C,rs76441487,K562 (erythroleukemia),-1,-0.5303462594747543,-1.0,0
6:75864030:A>G,rs16886925,K562 (erythroleukemia),1,0.0007663890719413757,1.0,1
6:76165813:A>C,rs9443212,K562 (erythroleukemia),1,0.00013913214206695557,1.0,1
6:76810506:G>C,rs2315263,K562 (erythroleukemia),1,0.030135490000247955,1.0,1
6:79949076:A>C,rs1512120,K562 (erythroleukemia),1,0.003684982657432556,1.0,1
6:81253088:G>A,rs150080531,K562 (erythroleukemia),-1,2.8717564418911934e-05,1.0,1
6:84471615:G>C,rs12204240,K562 (erythroleukemia),-1,0.0006289444863796234,1.0,1
6:84699804:G>A,rs9362087,K562 (erythroleukemia),1,0.013670003041625023,1.0,1
6:87472986:G>C,rs9450704,K562 (erythroleukemia),-1,0.4491751194000244,1.0,1
6:89073281:G>A,rs1888612,K562 (erythroleukemia),-1,-0.05970728397369385,-1.0,0
6:110399006:A>G,rs1980532,K562 (erythroleukemia),-1,-0.23787164688110352,-1.0,0
6:113455634:T>A,rs9320457,K562 (erythroleukemia),-1,0.003110446035861969,1.0,1
6:123749064:T>C,rs59032547,K562 (erythroleukemia),1,0.0007036179304122925,1.0,1
6:124409287:T>C,rs202234133,K562 (erythroleukemia),1,3.7946447264403105e-05,1.0,1
6:125746855:T>G,rs980014,K562 (erythroleukemia),1,0.018682092428207397,1.0,1
6:133147516:G>A,rs200016840,K562 (erythroleukemia),-1,0.001925257034599781,1.0,1
6:133147634:T>A,rs9483545,K562 (erythroleukemia),-1,0.02332928776741028,1.0,1
6:134714865:A>G,rs6902798,K562 (erythroleukemia),1,0.022451922297477722,1.0,1
6:135623512:C>A,rs112686004,K562 (erythroleukemia),-1,0.002881184220314026,1.0,1
6:146528877:G>A,rs113034204,K562 (erythroleukemia),-1,-0.0029719583690166473,-1.0,0
6:149566308:T>C,rs62439782,K562 (erythroleukemia),-1,-0.1953892707824707,-1.0,0
6:150131561:T>G,rs1107835,K562 (erythroleukemia),1,0.006502665579319,1.0,1
6:155364122:G>A,rs443263,K562 (erythroleukemia),-1,-0.023400533944368362,-1.0,0
6:156361857:A>G,rs9383804,K562 (erythroleukemia),1,0.00024138216394931078,1.0,1
6:156720142:C>G,rs75047362,K562 (erythroleukemia),-1,-0.04788947105407715,-1.0,0
6:157592693:G>A,rs749547,K562 (erythroleukemia),-1,0.023109138011932373,1.0,1
6:158596823:G>A,rs12662316,K562 (erythroleukemia),-1,-0.005232077091932297,-1.0,0
6:160043078:C>T,rs56804739,K562 (erythroleukemia),1,-0.004606157541275024,-1.0,0
6:160323374:A>C,rs7774140,K562 (erythroleukemia),-1,0.0029838532209396362,1.0,1
6:168592548:G>A,rs11966245,K562 (erythroleukemia),1,0.02314937300980091,1.0,1
6:170481544:A>G,rs6456223,K562 (erythroleukemia),-1,-0.0049422793090343475,-1.0,0
