variant_id,rsid,chrom,pos_hg38,ref,alt,source,context,direction,y,pred_pwm_bin,s_pwm,pred_lr_bin,p_lr
11:47389337:G>C,rs10838702,11,47389337,G,C,AD_MPRA_2025,HEK293T (control),-1,0,1,17.307280869662087,0,0.4837261766583611
11:47389337:G>T,rs10838702,11,47389337,G,T,AD_MPRA_2025,HEK293T (control),-1,0,1,17.307280869662087,0,0.4837261766583611
11:47395632:A>C,rs10769263,11,47395632,A,C,AD_MPRA_2025,HEK293T (control),1,1,1,13.030916145926874,1,0.5184877162599575
11:47465333:C>T,rs1317149,11,47465333,C,T,AD_MPRA_2025,HEK293T (control),1,1,0,-14.692887888184748,1,0.5329760485430675
11:60156035:A>G,rs983392,11,60156035,A,G,AD_MPRA_2025,HEK293T (control),-1,0,0,-16.843344505649696,1,0.6316720383190518
11:60159566:G>A,rs17529983,11,60159566,G,A,AD_MPRA_2025,HEK293T (control),-1,0,1,16.843344505649693,0,0.496463745025695
11:65889093:C>T,rs2231884,11,65889093,C,T,AD_MPRA_2025,HEK293T (control),1,1,1,15.527751883653096,0,0.32563153886538315
19:44856449:G>A,rs12462573,19,44856449,G,A,AD_MPRA_2025,HEK293T (control),1,1,1,14.502645365197559,1,0.6980327608475304
19:44945942:C>A,rs2288912,19,44945942,C,A,AD_MPRA_2025,HEK293T (control),1,1,0,-15.527751883653089,0,0.373545537614404
19:44945942:C>G,rs2288912,19,44945942,C,G,AD_MPRA_2025,HEK293T (control),1,1,0,-15.527751883653089,0,0.373545537614404
19:44945942:C>T,rs2288912,19,44945942,C,T,AD_MPRA_2025,HEK293T (control),1,1,0,-15.527751883653089,0,0.373545537614404
2:104658952:T>C,rs72943447,2,104658952,T,C,AD_MPRA_2025,HEK293T (control),-1,0,0,-8.009626240518482,1,0.5781338647996441
2:127128582:C>T,rs13025717,2,127128582,C,T,AD_MPRA_2025,HEK293T (control),-1,0,1,16.843344505649696,0,0.24280609055195201
6:47477281:C>T,rs1004173,6,47477281,C,T,AD_MPRA_2025,HEK293T (control),1,1,0,-14.692887888184746,1,0.5593697803636618
6:108002990:T>G,rs113440795,6,108002990,T,G,AD_MPRA_2025,HEK293T (control),1,1,0,-9.06252240125302,1,0.6199184652045936
6:108003070:A>G,rs115607757,6,108003070,A,G,AD_MPRA_2025,HEK293T (control),1,1,1,16.843344505649696,1,0.8234215536701999
6:108003170:C>G,rs62427420,6,108003170,C,G,AD_MPRA_2025,HEK293T (control),-1,0,1,16.95823139766157,1,0.6337657749333946
6:119110489:G>T,rs79331926,6,119110489,G,T,AD_MPRA_2025,HEK293T (control),-1,0,1,13.512418137043625,1,0.5032870150841141
11:60169453:A>C,rs7933202,11,60169453,A,C,AD_MPRA_2025,brain (mouse tissue MPRA),-1,0,1,16.426254765037314,1,0.5984248140882718
11:60333134:G>A,rs4477457,11,60333134,G,A,AD_MPRA_2025,brain (mouse tissue MPRA),-1,0,0,-17.307280869662094,1,0.5909047613429979
19:1037585:C>T,rs72973561,19,1037585,C,T,AD_MPRA_2025,brain (mouse tissue MPRA),1,1,1,15.527751883653096,1,0.6475897777288278
19:1999114:C>T,rs374280250,19,1999114,C,T,AD_MPRA_2025,brain (mouse tissue MPRA),1,1,1,15.527751883653085,0,0.28808958339139557
19:1999196:C>G,rs62129512,19,1999196,C,G,AD_MPRA_2025,brain (mouse tissue MPRA),1,1,1,15.483847260314612,1,0.765693944485689
19:44806715:G>T,rs28399594,19,44806715,G,T,AD_MPRA_2025,brain (mouse tissue MPRA),1,1,1,14.985352774774725,1,0.5280584395749982
19:44912921:G>T,rs483082,19,44912921,G,T,AD_MPRA_2025,brain (mouse tissue MPRA),-1,0,0,-17.307280869662087,1,0.5338387820170486
19:55479109:G>A,rs78768334,19,55479109,G,A,AD_MPRA_2025,brain (mouse tissue MPRA),-1,0,0,-13.389765762278637,0,0.4704461424117885
2:103335482:T>C,rs112439188,2,103335482,T,C,AD_MPRA_2025,brain (mouse tissue MPRA),1,1,0,-16.843344505649696,0,0.4692034087766435
2:113083955:G>A,rs6750559,2,113083955,G,A,AD_MPRA_2025,brain (mouse tissue MPRA),1,1,0,-14.427309072391878,0,0.39143748426148056
2:127128657:C>T,rs13025765,2,127128657,C,T,AD_MPRA_2025,brain (mouse tissue MPRA),-1,0,0,-17.307280869662087,0,0.44440466268953416
2:127135449:C>A,rs72838288,2,127135449,C,A,AD_MPRA_2025,brain (mouse tissue MPRA),-1,0,0,-17.30728086966209,0,0.1492931580607982
2:127135449:C>G,rs72838288,2,127135449,C,G,AD_MPRA_2025,brain (mouse tissue MPRA),-1,0,0,-17.30728086966209,0,0.1492931580607982
6:32621638:G>A,rs9271509,6,32621638,G,A,AD_MPRA_2025,brain (mouse tissue MPRA),1,1,1,14.5211710022921,0,0.42639434608639165
6:108002826:A>T,rs147038704,6,108002826,A,T,AD_MPRA_2025,brain (mouse tissue MPRA),-1,0,1,15.527751883653089,0,0.3826397179456166
6:108003070:A>G,rs115607757,6,108003070,A,G,AD_MPRA_2025,brain (mouse tissue MPRA),1,1,1,16.843344505649696,1,0.8234215536701999
6:119110753:A>G,rs144000629,6,119110753,A,G,AD_MPRA_2025,brain (mouse tissue MPRA),1,1,0,-13.87324392014979,1,0.5155606173557534
6:130996788:G>A,rs182194429,6,130996788,G,A,AD_MPRA_2025,brain (mouse tissue MPRA),1,1,1,17.307280869662087,1,0.6473726192399689
11:47395632:A>C,rs10769263,11,47395632,A,C,AD_MPRA_2025,immune (THP-1 macrophage),1,1,1,13.030916145926874,1,0.5184877162599575
11:60333108:C>T,rs10897049,11,60333108,C,T,AD_MPRA_2025,immune (THP-1 macrophage),1,1,1,16.843344505649696,0,0.32270677231149064
11:60333134:G>A,rs4477457,11,60333134,G,A,AD_MPRA_2025,immune (THP-1 macrophage),1,1,0,-17.307280869662094,1,0.5909047613429979
11:60333146:A>G,rs10792265,11,60333146,A,G,AD_MPRA_2025,immune (THP-1 macrophage),1,1,0,-16.843344505649693,0,0.3317220069615618
19:1037585:C>T,rs72973561,19,1037585,C,T,AD_MPRA_2025,immune (THP-1 macrophage),-1,0,1,15.527751883653096,1,0.6475897777288278
19:1038863:C>G,rs1141561,19,1038863,C,G,AD_MPRA_2025,immune (THP-1 macrophage),-1,0,1,11.860468445400407,0,0.49663212926629313
19:1998979:A>G,rs116278719,19,1998979,A,G,AD_MPRA_2025,immune (THP-1 macrophage),-1,0,1,13.092608938306832,1,0.5944449047961095
19:8393415:T>A,rs111469245,19,8393415,T,A,AD_MPRA_2025,immune (THP-1 macrophage),-1,0,0,-14.521171002292107,0,0.4425508408937144
19:44800771:T>A,rs139246905,19,44800771,T,A,AD_MPRA_2025,immune (THP-1 macrophage),1,1,0,-15.135176697439363,1,0.6050351200350207
19:44945942:C>A,rs2288912,19,44945942,C,A,AD_MPRA_2025,immune (THP-1 macrophage),1,1,0,-15.527751883653089,0,0.373545537614404
19:44945942:C>G,rs2288912,19,44945942,C,G,AD_MPRA_2025,immune (THP-1 macrophage),1,1,0,-15.527751883653089,0,0.373545537614404
19:44945942:C>T,rs2288912,19,44945942,C,T,AD_MPRA_2025,immune (THP-1 macrophage),1,1,0,-15.527751883653089,0,0.373545537614404
19:45156878:A>C,rs10416371,19,45156878,A,C,AD_MPRA_2025,immune (THP-1 macrophage),-1,0,1,17.307280869662087,1,0.7435070389759556
19:45156878:A>T,rs10416371,19,45156878,A,T,AD_MPRA_2025,immune (THP-1 macrophage),-1,0,1,17.307280869662087,1,0.7435070389759556
2:113083166:C>T,rs115361688,2,113083166,C,T,AD_MPRA_2025,immune (THP-1 macrophage),-1,0,0,-16.579389602725477,0,0.2757327507414983
2:113083542:T>C,rs80057954,2,113083542,T,C,AD_MPRA_2025,immune (THP-1 macrophage),-1,0,1,8.78463484555752,1,0.6982033170923249
2:113083790:G>A,rs115177445,2,113083790,G,A,AD_MPRA_2025,immune (THP-1 macrophage),-1,0,0,-17.30728086966209,0,0.25342957478492467
2:113084171:C>A,rs114629723,2,113084171,C,A,AD_MPRA_2025,immune (THP-1 macrophage),1,1,1,13.060189278463422,0,0.453221431240941
2:127128657:C>T,rs13025765,2,127128657,C,T,AD_MPRA_2025,immune (THP-1 macrophage),1,1,0,-17.307280869662087,0,0.44440466268953416
2:127135234:C>T,rs6733839,2,127135234,C,T,AD_MPRA_2025,immune (THP-1 macrophage),-1,0,0,-16.57938960272547,0,0.37006594741853316
2:127135449:C>A,rs72838288,2,127135449,C,A,AD_MPRA_2025,immune (THP-1 macrophage),-1,0,0,-17.30728086966209,0,0.1492931580607982
2:127135449:C>G,rs72838288,2,127135449,C,G,AD_MPRA_2025,immune (THP-1 macrophage),-1,0,0,-17.30728086966209,0,0.1492931580607982
2:127135449:C>T,rs72838288,2,127135449,C,T,AD_MPRA_2025,immune (THP-1 macrophage),-1,0,0,-17.30728086966209,0,0.1492931580607982
6:5108124:A>G,rs78358450,6,5108124,A,G,AD_MPRA_2025,immune (THP-1 macrophage),-1,0,0,-17.30728086966209,0,0.46234807744999823
6:6003700:T>C,rs748160380,6,6003700,T,C,AD_MPRA_2025,immune (THP-1 macrophage),-1,0,0,-16.400095584938157,0,0.4743537542603923
6:6003802:C>A,rs3805790,6,6003802,C,A,AD_MPRA_2025,immune (THP-1 macrophage),-1,0,1,14.922809941236594,1,0.5050577907553075
6:108002826:A>T,rs147038704,6,108002826,A,T,AD_MPRA_2025,immune (THP-1 macrophage),-1,0,1,15.527751883653089,0,0.3826397179456166
6:108003070:A>G,rs115607757,6,108003070,A,G,AD_MPRA_2025,immune (THP-1 macrophage),-1,0,1,16.843344505649696,1,0.8234215536701999
6:108003170:C>G,rs62427420,6,108003170,C,G,AD_MPRA_2025,immune (THP-1 macrophage),-1,0,1,16.95823139766157,1,0.6337657749333946
6:108003222:G>A,rs189835276,6,108003222,G,A,AD_MPRA_2025,immune (THP-1 macrophage),1,1,0,-17.483288334013096,0,0.38120902415959695
6:108003222:G>C,rs189835276,6,108003222,G,C,AD_MPRA_2025,immune (THP-1 macrophage),1,1,0,-17.483288334013096,0,0.38120902415959695
11:60159566:G>A,rs17529983,11,60159566,G,A,AD_MPRA_2025,microglia (HMC3),-1,0,1,16.843344505649693,0,0.496463745025695
19:44738916:G>A,rs1531517,19,44738916,G,A,AD_MPRA_2025,microglia (HMC3),1,1,1,13.380755482093868,1,0.6927243448866371
2:113084209:G>A,rs184040577,2,113084209,G,A,AD_MPRA_2025,microglia (HMC3),-1,0,1,12.610237328216627,0,0.4788384163175712
2:127135234:C>T,rs6733839,2,127135234,C,T,AD_MPRA_2025,microglia (HMC3),-1,0,0,-16.57938960272547,0,0.37006594741853316
6:108002498:G>A,rs73762103,6,108002498,G,A,AD_MPRA_2025,microglia (HMC3),-1,0,0,-17.411585464426736,0,0.4566184972821863
6:108003070:A>G,rs115607757,6,108003070,A,G,AD_MPRA_2025,microglia (HMC3),1,1,1,16.843344505649696,1,0.8234215536701999
6:108003170:C>G,rs62427420,6,108003170,C,G,AD_MPRA_2025,microglia (HMC3),-1,0,1,16.95823139766157,1,0.6337657749333946
11:132351:A>G,rs146835775,11,132351,A,G,SuRE_raQTL,HepG2 (hepatocellular),-1,0,1,17.48328833401309,1,0.8034931452419478
11:521119:G>A,rs12797431,11,521119,G,A,SuRE_raQTL,HepG2 (hepatocellular),-1,0,1,16.352060672907346,1,0.5256238710497153
11:971166:T>C,rs7103585,11,971166,T,C,SuRE_raQTL,HepG2 (hepatocellular),1,1,0,-16.84334450564969,1,0.7379680576399401
11:1033561:A>G,rs72842418,11,1033561,A,G,SuRE_raQTL,HepG2 (hepatocellular),-1,0,0,-16.843344505649696,1,0.6344958777079475
11:4661289:G>A,rs10768159,11,4661289,G,A,SuRE_raQTL,HepG2 (hepatocellular),-1,0,0,-17.483288334013093,0,0.34497703136459834
11:12066233:T>C,rs4757148,11,12066233,T,C,SuRE_raQTL,HepG2 (hepatocellular),-1,0,0,-14.376735881579897,1,0.5575006665662979
11:12599606:C>A,rs7129668,11,12599606,C,A,SuRE_raQTL,HepG2 (hepatocellular),-1,0,1,10.53546979681392,0,0.4993962523128917
11:12680493:G>A,rs4408295,11,12680493,G,A,SuRE_raQTL,HepG2 (hepatocellular),1,1,1,14.521171002292107,1,0.6510825778278709
11:12962505:T>G,rs4420242,11,12962505,T,G,SuRE_raQTL,HepG2 (hepatocellular),1,1,1,17.30728086966208,1,0.7446700192434045
11:13008131:T>C,rs4756741,11,13008131,T,C,SuRE_raQTL,HepG2 (hepatocellular),-1,0,1,14.028737556647936,1,0.6464076688148247
11:17390274:C>T,rs2074314,11,17390274,C,T,SuRE_raQTL,HepG2 (hepatocellular),-1,0,1,12.757934194362726,1,0.6200945375112651
11:18956909:G>A,rs7106147,11,18956909,G,A,SuRE_raQTL,HepG2 (hepatocellular),1,1,1,14.521171002292103,1,0.7302219308236882
11:19969212:A>G,rs2625300,11,19969212,A,G,SuRE_raQTL,HepG2 (hepatocellular),-1,0,0,-11.657920834864516,0,0.42221584747301355
11:21313886:A>G,rs35119624,11,21313886,A,G,SuRE_raQTL,HepG2 (hepatocellular),1,1,0,-17.307280869662083,1,0.6863481517369244
11:22680851:G>C,rs7125750,11,22680851,G,C,SuRE_raQTL,HepG2 (hepatocellular),-1,0,0,-16.72644436112003,1,0.7264703262952346
11:27228186:A>T,rs16916780,11,27228186,A,T,SuRE_raQTL,HepG2 (hepatocellular),1,1,1,17.30728086966209,1,0.5697865720215439
11:30269267:G>T,rs61886090,11,30269267,G,T,SuRE_raQTL,HepG2 (hepatocellular),-1,0,1,12.345521961416463,0,0.3924007780341782
11:33131480:G>A,rs11032153,11,33131480,G,A,SuRE_raQTL,HepG2 (hepatocellular),1,1,0,-14.69288788818475,0,0.42464410852045154
11:34234232:T>G,rs2064988,11,34234232,T,G,SuRE_raQTL,HepG2 (hepatocellular),1,1,0,-17.30728086966208,1,0.5063933828088977
11:36032174:C>T,rs74971142,11,36032174,C,T,SuRE_raQTL,HepG2 (hepatocellular),1,1,0,-15.243888701528398,0,0.3627795980466313
11:36405809:G>A,rs6484849,11,36405809,G,A,SuRE_raQTL,HepG2 (hepatocellular),-1,0,1,14.521171002292107,0,0.39760601880795315
11:37402729:G>T,rs57159013,11,37402729,G,T,SuRE_raQTL,HepG2 (hepatocellular),-1,0,0,-14.376735881579897,1,0.648220020668844
11:37908667:C>A,rs58491649,11,37908667,C,A,SuRE_raQTL,HepG2 (hepatocellular),1,1,0,-15.948116234842963,0,0.3340627646295863
11:38919656:G>A,rs151071074,11,38919656,G,A,SuRE_raQTL,HepG2 (hepatocellular),1,1,1,16.843344505649696,1,0.6058472552053322
11:42872303:A>C,rs10837955,11,42872303,A,C,SuRE_raQTL,HepG2 (hepatocellular),1,1,0,-15.671669911006369,1,0.7891345524804395
11:46254340:G>A,rs4409793,11,46254340,G,A,SuRE_raQTL,HepG2 (hepatocellular),-1,0,1,12.180717270310199,0,0.3123696085943674
11:55460629:C>T,rs137937503,11,55460629,C,T,SuRE_raQTL,HepG2 (hepatocellular),1,1,1,13.560929852652947,0,0.30883387295871856
11:56010975:A>G,rs12272875,11,56010975,A,G,SuRE_raQTL,HepG2 (hepatocellular),1,1,0,-14.69288788818475,1,0.7167161363933607
11:58914810:G>A,rs489782,11,58914810,G,A,SuRE_raQTL,HepG2 (hepatocellular),1,1,1,17.307280869662083,1,0.5228814196908101
11:61105000:A>G,rs11230594,11,61105000,A,G,SuRE_raQTL,HepG2 (hepatocellular),-1,0,0,-12.361369088838558,1,0.5543899164602746
11:62116553:A>C,rs4963460,11,62116553,A,C,SuRE_raQTL,HepG2 (hepatocellular),-1,0,0,-15.851378848165425,1,0.7168736246256207
11:64167359:C>G,rs115466248,11,64167359,C,G,SuRE_raQTL,HepG2 (hepatocellular),1,1,1,15.641989284719557,1,0.5543196380839807
11:65447879:C>T,rs112217205,11,65447879,C,T,SuRE_raQTL,HepG2 (hepatocellular),-1,0,0,-17.395654370150663,0,0.28814499647526093
11:68266673:T>C,rs12417937,11,68266673,T,C,SuRE_raQTL,HepG2 (hepatocellular),1,1,1,17.411585464426736,1,0.7776482498343509
11:75074947:A>G,rs7936893,11,75074947,A,G,SuRE_raQTL,HepG2 (hepatocellular),1,1,0,-12.502214486205531,1,0.6502884601287685
11:75554675:A>C,rs7123968,11,75554675,A,C,SuRE_raQTL,HepG2 (hepatocellular),-1,0,1,13.68222652150541,1,0.6240753148002487
11:81278426:T>G,rs58322344,11,81278426,T,G,SuRE_raQTL,HepG2 (hepatocellular),-1,0,0,-17.307280869662087,1,0.5848527503837624
11:83449554:T>G,rs2512672,11,83449554,T,G,SuRE_raQTL,HepG2 (hepatocellular),-1,0,0,-14.5211710022921,1,0.7377917804565457
11:86354108:A>G,rs12221741,11,86354108,A,G,SuRE_raQTL,HepG2 (hepatocellular),1,1,0,-10.375611354592394,1,0.7036923238465578
11:97784565:A>G,rs10789668,11,97784565,A,G,SuRE_raQTL,HepG2 (hepatocellular),1,1,0,-16.51407760491727,1,0.5559637866921774
11:103832843:C>G,rs10895528,11,103832843,C,G,SuRE_raQTL,HepG2 (hepatocellular),1,1,0,-14.692887888184748,0,0.3038067695589949
11:103910319:C>T,rs10895535,11,103910319,C,T,SuRE_raQTL,HepG2 (hepatocellular),-1,0,1,10.842807473161301,0,0.41377040832627204
11:104128084:C>T,rs924562,11,104128084,C,T,SuRE_raQTL,HepG2 (hepatocellular),1,1,1,15.52775188365309,1,0.5996235286720688
11:105294417:T>C,rs72975880,11,105294417,T,C,SuRE_raQTL,HepG2 (hepatocellular),1,1,0,-16.400095584938153,1,0.7207031923581521
11:106634473:T>C,rs1793050,11,106634473,T,C,SuRE_raQTL,HepG2 (hepatocellular),-1,0,1,9.577688716980091,1,0.5139651059888272
11:113042089:T>C,rs2155646,11,113042089,T,C,SuRE_raQTL,HepG2 (hepatocellular),1,1,0,-17.30728086966209,0,0.3413146492828493
11:114571940:C>G,rs118076470,11,114571940,C,G,SuRE_raQTL,HepG2 (hepatocellular),-1,0,1,16.291044760249644,0,0.4552691397943377
11:116339416:C>T,rs10736484,11,116339416,C,T,SuRE_raQTL,HepG2 (hepatocellular),1,1,0,-14.692887888184748,1,0.5485430202689839
11:116339495:A>G,rs4938263,11,116339495,A,G,SuRE_raQTL,HepG2 (hepatocellular),1,1,0,-9.7632123668144,1,0.7229951763700482
11:117025837:G>C,rs10892064,11,117025837,G,C,SuRE_raQTL,HepG2 (hepatocellular),1,1,1,14.692887888184748,0,0.3501853474773657
11:126879726:G>A,rs57306615,11,126879726,G,A,SuRE_raQTL,HepG2 (hepatocellular),1,1,1,16.843344505649693,1,0.5973864674915024
11:130817180:C>T,rs11222330,11,130817180,C,T,SuRE_raQTL,HepG2 (hepatocellular),1,1,1,17.30728086966209,1,0.5040113138718654
19:523653:G>A,rs62130859,19,523653,G,A,SuRE_raQTL,HepG2 (hepatocellular),-1,0,0,-14.692887888184746,0,0.3400523913657496
19:5076766:C>T,rs2613776,19,5076766,C,T,SuRE_raQTL,HepG2 (hepatocellular),1,1,0,-14.376526812169388,0,0.2998808489357115
19:6926367:T>C,rs2228539,19,6926367,T,C,SuRE_raQTL,HepG2 (hepatocellular),-1,0,1,15.186539423666797,1,0.6373242337590432
19:7011351:C>G,rs7249943,19,7011351,C,G,SuRE_raQTL,HepG2 (hepatocellular),-1,0,0,-13.702554224006722,0,0.4807495929586601
19:7450809:A>G,rs554546310,19,7450809,A,G,SuRE_raQTL,HepG2 (hepatocellular),-1,0,1,13.618901870935165,1,0.6253832505861449
19:14023686:G>T,rs35149963,19,14023686,G,T,SuRE_raQTL,HepG2 (hepatocellular),-1,0,1,16.843344505649693,0,0.31628142220174316
19:15601655:C>T,rs62115141,19,15601655,C,T,SuRE_raQTL,HepG2 (hepatocellular),1,1,0,-14.692887888184748,0,0.38973583498351144
19:20956952:G>A,rs4432379,19,20956952,G,A,SuRE_raQTL,HepG2 (hepatocellular),1,1,0,-12.057578133007716,1,0.6981374399283328
19:34859019:C>A,rs7248148,19,34859019,C,A,SuRE_raQTL,HepG2 (hepatocellular),1,1,0,-10.997261260834692,0,0.47301297265874187
19:35174242:A>G,rs4806097,19,35174242,A,G,SuRE_raQTL,HepG2 (hepatocellular),1,1,0,-16.352060672907346,1,0.5593926901636653
19:35697227:A>G,rs17776834,19,35697227,A,G,SuRE_raQTL,HepG2 (hepatocellular),1,1,1,14.768050482729924,1,0.8495327650259115
19:38386048:C>T,rs80351552,19,38386048,C,T,SuRE_raQTL,HepG2 (hepatocellular),1,1,1,16.352060672907346,1,0.5527882820178361
19:38537245:C>A,rs78492779,19,38537245,C,A,SuRE_raQTL,HepG2 (hepatocellular),1,1,1,11.332720363755243,1,0.6104210872819792
19:39031697:A>C,rs12609401,19,39031697,A,C,SuRE_raQTL,HepG2 (hepatocellular),1,1,0,-17.307280869662087,0,0.3103695801342623
19:40085275:T>C,rs337799,19,40085275,T,C,SuRE_raQTL,HepG2 (hepatocellular),-1,0,1,17.411585464426736,1,0.769160347627686
19:41682658:C>G,rs536314070,19,41682658,C,G,SuRE_raQTL,HepG2 (hepatocellular),1,1,0,-13.299007489964605,1,0.7936695607464401
19:45391427:A>C,rs35660919,19,45391427,A,C,SuRE_raQTL,HepG2 (hepatocellular),-1,0,1,12.063662263853773,1,0.553996675166804
19:49368828:G>A,rs4802597,19,49368828,G,A,SuRE_raQTL,HepG2 (hepatocellular),-1,0,1,12.208288236673333,0,0.37964344822580964
19:49928689:C>T,rs4802640,19,49928689,C,T,SuRE_raQTL,HepG2 (hepatocellular),1,1,1,14.502645365197552,0,0.3597004752834593
19:53225753:T>C,rs55779655,19,53225753,T,C,SuRE_raQTL,HepG2 (hepatocellular),1,1,0,-13.380755482093875,1,0.7417017455782047
19:54232578:T>C,rs73936682,19,54232578,T,C,SuRE_raQTL,HepG2 (hepatocellular),-1,0,1,13.921364146728362,1,0.5450749097850656
19:56687157:G>A,rs11084460,19,56687157,G,A,SuRE_raQTL,HepG2 (hepatocellular),-1,0,1,16.40009558493815,0,0.2786181005517567
19:57076259:T>C,rs11673420,19,57076259,T,C,SuRE_raQTL,HepG2 (hepatocellular),-1,0,0,-12.947662209097047,1,0.5887606545878928
2:195828:T>G,rs73146213,2,195828,T,G,SuRE_raQTL,HepG2 (hepatocellular),-1,0,0,-15.327001176682028,1,0.5912063354391249
2:1047666:T>C,rs4246558,2,1047666,T,C,SuRE_raQTL,HepG2 (hepatocellular),1,1,1,10.56810589151003,1,0.5612946440891644
2:1741506:T>C,rs13019541,2,1741506,T,C,SuRE_raQTL,HepG2 (hepatocellular),-1,0,1,17.411585464426736,1,0.6118326098369705
2:1741554:A>G,rs4853759,2,1741554,A,G,SuRE_raQTL,HepG2 (hepatocellular),-1,0,1,8.70923915461503,1,0.6474794930004188
2:2661870:T>C,rs140146704,2,2661870,T,C,SuRE_raQTL,HepG2 (hepatocellular),-1,0,0,-17.307280869662094,0,0.3711088263985983
2:3813256:G>C,rs2198533,2,3813256,G,C,SuRE_raQTL,HepG2 (hepatocellular),1,1,0,-9.508919889112901,1,0.6226494643707936
2:6207605:C>A,rs539017160,2,6207605,C,A,SuRE_raQTL,HepG2 (hepatocellular),1,1,1,16.843344505649693,0,0.46791385818670533
2:6212646:T>C,rs10206937,2,6212646,T,C,SuRE_raQTL,HepG2 (hepatocellular),1,1,1,17.483288334013096,1,0.7742488585839767
2:7910707:G>C,rs888131,2,7910707,G,C,SuRE_raQTL,HepG2 (hepatocellular),-1,0,0,-17.307280869662094,0,0.283741477766446
2:8574859:T>C,rs10173427,2,8574859,T,C,SuRE_raQTL,HepG2 (hepatocellular),1,1,1,14.320024849498392,1,0.5310958999660278
2:8577081:G>A,rs16866727,2,8577081,G,A,SuRE_raQTL,HepG2 (hepatocellular),1,1,1,9.853359395624935,0,0.48712495762091523
2:14813081:C>T,rs7562308,2,14813081,C,T,SuRE_raQTL,HepG2 (hepatocellular),1,1,0,-17.483288334013096,0,0.32038191437965524
2:17800417:G>T,rs300159,2,17800417,G,T,SuRE_raQTL,HepG2 (hepatocellular),1,1,1,9.175199662724182,0,0.4555366737049501
2:19678354:G>A,rs10197291,2,19678354,G,A,SuRE_raQTL,HepG2 (hepatocellular),-1,0,0,-17.483288334013093,0,0.37534701620089217
2:22984266:C>A,rs6718352,2,22984266,C,A,SuRE_raQTL,HepG2 (hepatocellular),1,1,1,16.843344505649696,1,0.6445445281019363
2:23077760:A>C,rs17044739,2,23077760,A,C,SuRE_raQTL,HepG2 (hepatocellular),-1,0,0,-16.843344505649696,1,0.6825998812241675
2:26339928:A>G,rs1346796,2,26339928,A,G,SuRE_raQTL,HepG2 (hepatocellular),-1,0,0,-11.156447028010735,0,0.39365890448673324
2:26497732:A>C,rs6547064,2,26497732,A,C,SuRE_raQTL,HepG2 (hepatocellular),-1,0,0,-16.843344505649696,0,0.4043779799703694
2:28742290:T>C,rs4580350,2,28742290,T,C,SuRE_raQTL,HepG2 (hepatocellular),1,1,0,-14.657482024891056,1,0.5024232547807894
2:29397105:G>A,rs7591913,2,29397105,G,A,SuRE_raQTL,HepG2 (hepatocellular),-1,0,1,14.30679937104781,0,0.3694946930922554
2:46114532:G>A,rs4952799,2,46114532,G,A,SuRE_raQTL,HepG2 (hepatocellular),-1,0,0,-12.13889290107674,1,0.5477199532879147
2:46417388:G>A,rs72618622,2,46417388,G,A,SuRE_raQTL,HepG2 (hepatocellular),-1,0,0,-15.5501529816529,0,0.41340646862159275
2:46417412:C>G,rs67435514,2,46417412,C,G,SuRE_raQTL,HepG2 (hepatocellular),-1,0,0,-17.30728086966209,1,0.6198204209322069
2:54234426:A>T,rs13412139,2,54234426,A,T,SuRE_raQTL,HepG2 (hepatocellular),-1,0,0,-16.843344505649693,1,0.6713102169739292
2:58295250:A>G,rs12615658,2,58295250,A,G,SuRE_raQTL,HepG2 (hepatocellular),1,1,0,-17.307280869662083,0,0.46333484304563066
2:58386054:C>T,rs189651338,2,58386054,C,T,SuRE_raQTL,HepG2 (hepatocellular),-1,0,1,17.307280869662097,0,0.24187059807769234
2:68403468:G>C,rs58351400,2,68403468,G,C,SuRE_raQTL,HepG2 (hepatocellular),-1,0,0,-14.69288788818475,1,0.5149523278469257
2:68860238:G>A,rs7589848,2,68860238,G,A,SuRE_raQTL,HepG2 (hepatocellular),1,1,1,17.307280869662087,0,0.48572305232442325
2:69074176:G>A,rs13427290,2,69074176,G,A,SuRE_raQTL,HepG2 (hepatocellular),1,1,1,17.30728086966209,1,0.6754426335510137
2:73032387:A>C,rs13392698,2,73032387,A,C,SuRE_raQTL,HepG2 (hepatocellular),-1,0,0,-16.843344505649696,1,0.6185553004929663
2:74120449:G>T,rs1667619,2,74120449,G,T,SuRE_raQTL,HepG2 (hepatocellular),1,1,1,14.985352774774725,1,0.5160738502903671
2:75390369:T>G,rs13429274,2,75390369,T,G,SuRE_raQTL,HepG2 (hepatocellular),-1,0,0,-11.351246000849791,1,0.5125078223530901
2:86013691:G>T,rs79793921,2,86013691,G,T,SuRE_raQTL,HepG2 (hepatocellular),1,1,0,-14.521171002292103,1,0.6133824431759418
2:89852038:G>A,rs140619893,2,89852038,G,A,SuRE_raQTL,HepG2 (hepatocellular),1,1,1,16.843344505649696,0,0.471853057554962
2:99155070:C>T,rs2516834,2,99155070,C,T,SuRE_raQTL,HepG2 (hepatocellular),1,1,1,17.307280869662087,0,0.45829887383898144
2:101294923:A>G,rs3828194,2,101294923,A,G,SuRE_raQTL,HepG2 (hepatocellular),1,1,1,16.8892878788199,1,0.795419036826059
2:110314218:T>G,rs556746045,2,110314218,T,G,SuRE_raQTL,HepG2 (hepatocellular),-1,0,0,-16.843344505649696,0,0.2915005993162465
2:119793253:A>G,rs11689531,2,119793253,A,G,SuRE_raQTL,HepG2 (hepatocellular),-1,0,0,-16.843344505649696,0,0.4761788906306308
2:121529950:G>A,rs934765,2,121529950,G,A,SuRE_raQTL,HepG2 (hepatocellular),-1,0,1,10.725494660512565,1,0.5405514067153406
2:132588721:T>A,rs12691825,2,132588721,T,A,SuRE_raQTL,HepG2 (hepatocellular),1,1,1,11.119589620741124,1,0.6556384407377427
2:132991529:C>T,rs4954016,2,132991529,C,T,SuRE_raQTL,HepG2 (hepatocellular),-1,0,1,16.352060672907346,0,0.37015399262757465
2:135151892:G>A,rs4954221,2,135151892,G,A,SuRE_raQTL,HepG2 (hepatocellular),-1,0,0,-17.411585464426736,0,0.4626171413904274
2:135564381:A>G,rs6430580,2,135564381,A,G,SuRE_raQTL,HepG2 (hepatocellular),1,1,0,-10.651948610723444,1,0.8769305337655732
2:138644900:C>G,rs6706245,2,138644900,C,G,SuRE_raQTL,HepG2 (hepatocellular),-1,0,1,14.69288788818475,1,0.5102467799043308
2:138831935:A>G,rs111543763,2,138831935,A,G,SuRE_raQTL,HepG2 (hepatocellular),1,1,0,-17.307280869662087,1,0.5107184748136752
2:149963026:C>T,rs959499,2,149963026,C,T,SuRE_raQTL,HepG2 (hepatocellular),-1,0,0,-16.72920913866451,0,0.3872206194872907
2:152755668:C>G,rs527496834,2,152755668,C,G,SuRE_raQTL,HepG2 (hepatocellular),-1,0,0,-16.726444361120034,0,0.4489311167464915
2:153765764:A>T,rs58867276,2,153765764,A,T,SuRE_raQTL,HepG2 (hepatocellular),-1,0,0,-17.307280869662087,0,0.31301561770925684
2:155873875:C>A,rs71419073,2,155873875,C,A,SuRE_raQTL,HepG2 (hepatocellular),1,1,0,-13.392988162965134,0,0.37660362666382
2:159884064:G>A,rs12692571,2,159884064,G,A,SuRE_raQTL,HepG2 (hepatocellular),-1,0,1,17.30728086966209,0,0.4745350932380374
2:161923410:A>G,rs62188852,2,161923410,A,G,SuRE_raQTL,HepG2 (hepatocellular),1,1,1,13.855520749256389,1,0.8106737837998715
2:169825274:T>C,rs62173079,2,169825274,T,C,SuRE_raQTL,HepG2 (hepatocellular),1,1,0,-16.843344505649696,1,0.5036469525249312
2:170175721:T>C,rs73023190,2,170175721,T,C,SuRE_raQTL,HepG2 (hepatocellular),-1,0,0,-13.398976240441847,1,0.7702590661223605
2:173658687:A>G,rs10185864,2,173658687,A,G,SuRE_raQTL,HepG2 (hepatocellular),-1,0,1,15.11099336100283,1,0.5616612501731238
2:180625625:G>T,rs10803941,2,180625625,G,T,SuRE_raQTL,HepG2 (hepatocellular),-1,0,1,16.843344505649693,1,0.5220153207384968
2:187659290:A>C,rs12989374,2,187659290,A,C,SuRE_raQTL,HepG2 (hepatocellular),1,1,0,-17.307280869662073,0,0.4105356885132162
2:189449164:C>T,rs17271036,2,189449164,C,T,SuRE_raQTL,HepG2 (hepatocellular),-1,0,0,-14.741934939096126,0,0.19385916389810062
2:190167276:A>G,rs2690743,2,190167276,A,G,SuRE_raQTL,HepG2 (hepatocellular),1,1,0,-11.488233076212847,1,0.7487529538995095
2:190829828:A>G,rs2883715,2,190829828,A,G,SuRE_raQTL,HepG2 (hepatocellular),-1,0,0,-16.843344505649696,1,0.5117949781990904
2:199622253:G>T,rs983677,2,199622253,G,T,SuRE_raQTL,HepG2 (hepatocellular),-1,0,0,-15.527751883653085,0,0.22780369898248692
2:200615386:A>G,rs10179330,2,200615386,A,G,SuRE_raQTL,HepG2 (hepatocellular),1,1,1,17.411585464426736,1,0.7243639799277272
2:204457132:G>A,rs78619939,2,204457132,G,A,SuRE_raQTL,HepG2 (hepatocellular),1,1,1,16.35206067290735,0,0.2425795955893839
2:204996689:G>A,rs7578033,2,204996689,G,A,SuRE_raQTL,HepG2 (hepatocellular),-1,0,0,-16.486524319008495,0,0.32430462832178364
2:219985119:A>G,rs13403389,2,219985119,A,G,SuRE_raQTL,HepG2 (hepatocellular),1,1,0,-16.843344505649696,0,0.3814158203841301
2:230574802:G>A,rs56047456,2,230574802,G,A,SuRE_raQTL,HepG2 (hepatocellular),-1,0,1,7.777895819462408,0,0.33911272566434275
2:230887149:T>C,rs6725408,2,230887149,T,C,SuRE_raQTL,HepG2 (hepatocellular),-1,0,0,-15.21294626373711,1,0.679063691451511
2:231971516:C>T,rs111888380,2,231971516,C,T,SuRE_raQTL,HepG2 (hepatocellular),1,1,1,16.843344505649696,0,0.4415348381718304
2:233744071:C>T,rs17864701,2,233744071,C,T,SuRE_raQTL,HepG2 (hepatocellular),-1,0,1,13.533274911201492,1,0.6289310326124511
2:233786081:G>A,rs7581102,2,233786081,G,A,SuRE_raQTL,HepG2 (hepatocellular),-1,0,1,16.843344505649696,1,0.64037978438976
2:234635793:A>G,rs2010429,2,234635793,A,G,SuRE_raQTL,HepG2 (hepatocellular),1,1,1,17.411585464426736,1,0.8948222478450175
2:234680283:G>A,rs76166956,2,234680283,G,A,SuRE_raQTL,HepG2 (hepatocellular),-1,0,1,11.710838513436698,0,0.470600820478855
2:240053046:G>A,rs111766315,2,240053046,G,A,SuRE_raQTL,HepG2 (hepatocellular),1,1,0,-17.411585464426736,0,0.3229660157800374
2:241484297:G>A,rs140628478,2,241484297,G,A,SuRE_raQTL,HepG2 (hepatocellular),-1,0,0,-9.905498419109083,0,0.1578085318942796
6:3485070:T>C,rs1205033,6,3485070,T,C,SuRE_raQTL,HepG2 (hepatocellular),1,1,1,17.307280869662094,1,0.6429057799608711
6:7847695:C>T,rs267195,6,7847695,C,T,SuRE_raQTL,HepG2 (hepatocellular),1,1,1,16.400095584938153,0,0.29637312119184
6:10929896:C>T,rs1225727,6,10929896,C,T,SuRE_raQTL,HepG2 (hepatocellular),-1,0,1,10.651948610723444,0,0.14514697993577766
6:14412198:T>C,rs9382964,6,14412198,T,C,SuRE_raQTL,HepG2 (hepatocellular),-1,0,0,-17.30728086966209,1,0.6664567040824533
6:14832601:T>G,rs113460529,6,14832601,T,G,SuRE_raQTL,HepG2 (hepatocellular),1,1,1,13.030916145926877,1,0.5456248111215544
6:16813059:C>T,rs9383209,6,16813059,C,T,SuRE_raQTL,HepG2 (hepatocellular),1,1,1,14.521171002292107,1,0.6580293841253656
6:18656231:G>C,rs7450329,6,18656231,G,C,SuRE_raQTL,HepG2 (hepatocellular),1,1,1,17.307280869662094,1,0.680029529739188
6:25071019:G>A,rs9295645,6,25071019,G,A,SuRE_raQTL,HepG2 (hepatocellular),1,1,1,17.30728086966209,0,0.3353060474149085
6:30095883:T>G,rs7761563,6,30095883,T,G,SuRE_raQTL,HepG2 (hepatocellular),-1,0,1,15.94189583920144,1,0.5052933267279592
6:30095956:C>T,rs7741418,6,30095956,C,T,SuRE_raQTL,HepG2 (hepatocellular),-1,0,1,13.560929852652947,1,0.5804713013266155
6:32781763:C>T,rs368618879,6,32781763,C,T,SuRE_raQTL,HepG2 (hepatocellular),-1,0,1,11.351246000849798,1,0.6044042988077724
6:32797674:C>T,rs1383261,6,32797674,C,T,SuRE_raQTL,HepG2 (hepatocellular),-1,0,0,-9.061815189302216,0,0.22341340189453862
6:33122820:A>G,rs72874664,6,33122820,A,G,SuRE_raQTL,HepG2 (hepatocellular),-1,0,0,-17.307280869662087,0,0.4770597917229653
6:33177592:C>A,rs2076311,6,33177592,C,A,SuRE_raQTL,HepG2 (hepatocellular),-1,0,1,14.698738821267625,0,0.3460696034538894
6:36511397:C>A,rs144861142,6,36511397,C,A,SuRE_raQTL,HepG2 (hepatocellular),1,1,0,-15.52775188365309,0,0.2829264489443445
6:37557210:A>G,rs1757185,6,37557210,A,G,SuRE_raQTL,HepG2 (hepatocellular),1,1,0,-11.23901368067142,1,0.6195782012741765
6:41222164:C>A,rs549094597,6,41222164,C,A,SuRE_raQTL,HepG2 (hepatocellular),1,1,1,14.179053790981566,1,0.6300691995432567
6:41618057:A>G,rs115371691,6,41618057,A,G,SuRE_raQTL,HepG2 (hepatocellular),1,1,0,-16.843344505649696,1,0.6503739066548136
6:53741203:A>T,rs9463971,6,53741203,A,T,SuRE_raQTL,HepG2 (hepatocellular),1,1,1,17.307280869662087,1,0.569362334479184
6:54883006:C>T,rs9382391,6,54883006,C,T,SuRE_raQTL,HepG2 (hepatocellular),1,1,1,17.30728086966209,1,0.6835572676783023
6:56975381:A>G,rs112950080,6,56975381,A,G,SuRE_raQTL,HepG2 (hepatocellular),1,1,1,12.946119671043698,1,0.6890954499191309
6:60587600:A>G,rs2263342,6,60587600,A,G,SuRE_raQTL,HepG2 (hepatocellular),1,1,0,-11.603005689817492,1,0.7210804190296528
6:68748091:C>T,rs12197038,6,68748091,C,T,SuRE_raQTL,HepG2 (hepatocellular),-1,0,1,16.40009558493815,0,0.388278913208998
6:76109925:A>T,rs144980836,6,76109925,A,T,SuRE_raQTL,HepG2 (hepatocellular),-1,0,0,-13.804635230827735,1,0.6979518741841902
6:76533317:A>G,rs4329074,6,76533317,A,G,SuRE_raQTL,HepG2 (hepatocellular),1,1,0,-12.610237328216641,1,0.7509870086235345
6:77544452:T>C,rs12663684,6,77544452,T,C,SuRE_raQTL,HepG2 (hepatocellular),1,1,0,-16.843344505649693,0,0.4839535654785549
6:80498274:A>T,rs3011301,6,80498274,A,T,SuRE_raQTL,HepG2 (hepatocellular),-1,0,0,-16.598532349146282,0,0.36614051329479674
6:83867753:G>A,rs6911374,6,83867753,G,A,SuRE_raQTL,HepG2 (hepatocellular),-1,0,1,15.665449515364848,0,0.4448961242262527
6:87115591:T>A,rs1075068,6,87115591,T,A,SuRE_raQTL,HepG2 (hepatocellular),-1,0,1,16.843344505649696,1,0.532601022674186
6:88691099:C>T,rs562828522,6,88691099,C,T,SuRE_raQTL,HepG2 (hepatocellular),-1,0,0,-15.081107071036588,0,0.4401062531918552
6:91420361:G>A,rs77053767,6,91420361,G,A,SuRE_raQTL,HepG2 (hepatocellular),-1,0,1,16.400095584938153,0,0.3570523397233006
6:91748779:A>G,rs78734058,6,91748779,A,G,SuRE_raQTL,HepG2 (hepatocellular),1,1,0,-15.527751883653089,1,0.679945956383543
6:94725634:C>T,rs9363234,6,94725634,C,T,SuRE_raQTL,HepG2 (hepatocellular),1,1,1,16.40009558493815,1,0.6164533378840105
6:100504998:C>T,rs240763,6,100504998,C,T,SuRE_raQTL,HepG2 (hepatocellular),-1,0,1,17.307280869662094,0,0.4323854567322211
6:102044654:G>T,rs2518149,6,102044654,G,T,SuRE_raQTL,HepG2 (hepatocellular),-1,0,1,14.185882027446677,0,0.33276646745802246
6:104431547:G>A,rs9391202,6,104431547,G,A,SuRE_raQTL,HepG2 (hepatocellular),-1,0,1,11.332720363755243,0,0.4147904207845048
6:109424756:G>C,rs10872033,6,109424756,G,C,SuRE_raQTL,HepG2 (hepatocellular),1,1,0,-11.818981539432446,1,0.5209969162609304
6:110403517:A>G,rs11153233,6,110403517,A,G,SuRE_raQTL,HepG2 (hepatocellular),-1,0,1,14.692887888184746,1,0.9116470242435386
6:111593689:G>A,rs174386,6,111593689,G,A,SuRE_raQTL,HepG2 (hepatocellular),-1,0,1,14.502645365197555,1,0.5477046642083303
6:116060831:T>C,rs1999929,6,116060831,T,C,SuRE_raQTL,HepG2 (hepatocellular),-1,0,0,-11.33009864462746,0,0.49786847847044546
6:128830448:A>G,rs4418210,6,128830448,A,G,SuRE_raQTL,HepG2 (hepatocellular),-1,0,1,14.054078478631121,1,0.5583601141580223
6:132764322:G>A,rs11154696,6,132764322,G,A,SuRE_raQTL,HepG2 (hepatocellular),1,1,0,-16.579389602725467,0,0.3931008371340496
6:133242621:T>C,rs62430275,6,133242621,T,C,SuRE_raQTL,HepG2 (hepatocellular),1,1,0,-11.714674827308006,1,0.6965897434512817
6:133332064:T>G,rs401913,6,133332064,T,G,SuRE_raQTL,HepG2 (hepatocellular),1,1,0,-16.400095584938153,1,0.818529270593696
6:136992317:G>A,rs57346106,6,136992317,G,A,SuRE_raQTL,HepG2 (hepatocellular),1,1,1,17.307280869662087,0,0.2723086951585273
6:143290451:T>C,rs9496559,6,143290451,T,C,SuRE_raQTL,HepG2 (hepatocellular),-1,0,0,-15.38658622888726,1,0.5656472805533458
6:148317888:G>T,rs67077262,6,148317888,G,T,SuRE_raQTL,HepG2 (hepatocellular),1,1,1,16.843344505649693,1,0.7285442265208419
6:148856684:G>C,rs9390616,6,148856684,G,C,SuRE_raQTL,HepG2 (hepatocellular),1,1,1,11.130279971621484,1,0.8109732155103504
6:150855753:G>A,rs9371478,6,150855753,G,A,SuRE_raQTL,HepG2 (hepatocellular),1,1,1,16.843344505649696,1,0.6221527349816655
6:152304877:T>G,rs9479288,6,152304877,T,G,SuRE_raQTL,HepG2 (hepatocellular),1,1,0,-9.671270359289757,1,0.5580919524832937
6:156034118:T>C,rs13194470,6,156034118,T,C,SuRE_raQTL,HepG2 (hepatocellular),-1,0,0,-13.560929852652947,0,0.3924769180488719
6:156361749:T>G,rs7759990,6,156361749,T,G,SuRE_raQTL,HepG2 (hepatocellular),1,1,0,-13.821873612165756,1,0.6684535764350523
6:159599859:C>T,rs79945365,6,159599859,C,T,SuRE_raQTL,HepG2 (hepatocellular),1,1,1,11.332720363755254,0,0.44483332860404784
6:160349511:A>G,rs655185,6,160349511,A,G,SuRE_raQTL,HepG2 (hepatocellular),1,1,0,-15.085496000428321,0,0.3890323931477805
6:161654684:C>T,rs17576062,6,161654684,C,T,SuRE_raQTL,HepG2 (hepatocellular),-1,0,1,16.843344505649696,0,0.36116616245005045
6:162762531:C>T,rs9456810,6,162762531,C,T,SuRE_raQTL,HepG2 (hepatocellular),-1,0,0,-16.843344505649696,1,0.5354522756065614
6:163095607:G>A,rs9458722,6,163095607,G,A,SuRE_raQTL,HepG2 (hepatocellular),-1,0,0,-17.411585464426736,0,0.12028560401331602
6:165516435:C>T,rs62443797,6,165516435,C,T,SuRE_raQTL,HepG2 (hepatocellular),-1,0,1,15.527751883653089,0,0.4193854702333385
6:165516572:C>A,rs16897954,6,165516572,C,A,SuRE_raQTL,HepG2 (hepatocellular),1,1,1,15.976902800483263,0,0.2810440856479429
6:165577737:C>A,rs6922769,6,165577737,C,A,SuRE_raQTL,HepG2 (hepatocellular),1,1,0,-14.508357008079685,0,0.24202447126032767
6:165600631:T>G,rs555894091,6,165600631,T,G,SuRE_raQTL,HepG2 (hepatocellular),1,1,0,-16.843344505649696,1,0.7383706250586284
6:168352387:G>A,rs150604544,6,168352387,G,A,SuRE_raQTL,HepG2 (hepatocellular),1,1,0,-10.016777582327052,0,0.314809903453519
6:168411312:A>C,rs2609308,6,168411312,A,C,SuRE_raQTL,HepG2 (hepatocellular),-1,0,0,-16.35206067290735,0,0.4805559362105173
6:169509913:T>G,rs9478033,6,169509913,T,G,SuRE_raQTL,HepG2 (hepatocellular),-1,0,1,16.29104476024964,1,0.7265584775195751
11:5145216:C>T,rs111638327,11,5145216,C,T,SuRE_raQTL,K562 (erythroleukemia),-1,0,1,16.843344505649693,0,0.450642183206643
11:5416965:G>A,rs11037375,11,5416965,G,A,SuRE_raQTL,K562 (erythroleukemia),-1,0,1,16.843344505649693,1,0.5185137760911847
11:5683589:A>G,rs6578674,11,5683589,A,G,SuRE_raQTL,K562 (erythroleukemia),-1,0,0,-14.5211710022921,1,0.7265062691630055
11:6890041:G>T,rs721120,11,6890041,G,T,SuRE_raQTL,K562 (erythroleukemia),1,1,1,12.62044895201331,0,0.4432760676085697
11:7038750:G>A,rs61063081,11,7038750,G,A,SuRE_raQTL,K562 (erythroleukemia),1,1,0,-14.69288788818475,0,0.3417535869559303
11:7605675:A>G,rs557773791,11,7605675,A,G,SuRE_raQTL,K562 (erythroleukemia),1,1,0,-14.917877470521187,1,0.6372720320615025
11:8039553:C>T,rs10769865,11,8039553,C,T,SuRE_raQTL,K562 (erythroleukemia),1,1,1,17.307280869662087,0,0.33346626194289913
11:11784780:G>A,rs6485214,11,11784780,G,A,SuRE_raQTL,K562 (erythroleukemia),1,1,1,16.40009558493815,1,0.5072386064923348
11:13749371:G>A,rs58846953,11,13749371,G,A,SuRE_raQTL,K562 (erythroleukemia),1,1,1,16.843344505649696,0,0.48890720741712435
11:16857380:A>G,rs378863,11,16857380,A,G,SuRE_raQTL,K562 (erythroleukemia),1,1,0,-16.843344505649696,1,0.525890772124432
11:18336696:T>C,rs4150584,11,18336696,T,C,SuRE_raQTL,K562 (erythroleukemia),1,1,0,-16.569192681623456,1,0.8661513605411657
11:19215129:C>T,rs4757770,11,19215129,C,T,SuRE_raQTL,K562 (erythroleukemia),1,1,0,-17.411585464426736,0,0.22836217522245605
11:25647810:A>G,rs146165599,11,25647810,A,G,SuRE_raQTL,K562 (erythroleukemia),1,1,1,9.23240237106132,1,0.7315130092700037
11:26455761:G>A,rs7935249,11,26455761,G,A,SuRE_raQTL,K562 (erythroleukemia),-1,0,1,16.843344505649693,1,0.5185137760911847
11:26580970:T>A,rs446946,11,26580970,T,A,SuRE_raQTL,K562 (erythroleukemia),-1,0,1,16.843344505649696,0,0.3520153865502513
11:34916722:C>T,rs1049306,11,34916722,C,T,SuRE_raQTL,K562 (erythroleukemia),-1,0,1,17.307280869662087,0,0.4044037435138661
11:36557526:C>G,rs12272616,11,36557526,C,G,SuRE_raQTL,K562 (erythroleukemia),-1,0,0,-15.734418386007356,1,0.60815186467985
11:38163268:A>G,rs2927226,11,38163268,A,G,SuRE_raQTL,K562 (erythroleukemia),-1,0,1,16.73915088233684,1,0.7011847852575903
11:38758842:G>C,rs7944859,11,38758842,G,C,SuRE_raQTL,K562 (erythroleukemia),1,1,1,17.307280869662083,1,0.5055407777436299
11:39144231:C>T,rs61887592,11,39144231,C,T,SuRE_raQTL,K562 (erythroleukemia),-1,0,1,17.307280869662087,0,0.30141121135581916
11:39542230:C>T,rs11035318,11,39542230,C,T,SuRE_raQTL,K562 (erythroleukemia),-1,0,1,16.40009558493815,0,0.3526639788734889
11:39888433:G>T,rs6485148,11,39888433,G,T,SuRE_raQTL,K562 (erythroleukemia),-1,0,1,13.088291357347819,0,0.35796181771732355
11:47214854:C>G,rs4237547,11,47214854,C,G,SuRE_raQTL,K562 (erythroleukemia),1,1,0,-17.307280869662094,1,0.5942550594094914
11:48820512:T>C,rs11040062,11,48820512,T,C,SuRE_raQTL,K562 (erythroleukemia),-1,0,1,17.411585464426736,1,0.6105425507313188
11:50298609:T>C,rs10794225,11,50298609,T,C,SuRE_raQTL,K562 (erythroleukemia),1,1,1,14.771048414957399,1,0.550541057038843
11:58000227:C>T,rs12419359,11,58000227,C,T,SuRE_raQTL,K562 (erythroleukemia),-1,0,0,-15.450796444554818,0,0.13419077837555912
11:63614551:C>A,rs2030729,11,63614551,C,A,SuRE_raQTL,K562 (erythroleukemia),1,1,1,16.99582758454368,0,0.36768779501045784
11:64473126:C>T,rs116573312,11,64473126,C,T,SuRE_raQTL,K562 (erythroleukemia),-1,0,1,11.351246000849788,1,0.656795417775766
11:64645253:C>T,rs3016759,11,64645253,C,T,SuRE_raQTL,K562 (erythroleukemia),-1,0,1,15.486300927481373,0,0.3783505164573137
11:65553309:G>A,rs4244811,11,65553309,G,A,SuRE_raQTL,K562 (erythroleukemia),1,1,0,-9.701268788270735,0,0.3927873526099725
11:66002338:G>C,rs1786171,11,66002338,G,C,SuRE_raQTL,K562 (erythroleukemia),1,1,0,-16.29104476024964,1,0.8515804788758328
11:72449784:A>G,rs11823672,11,72449784,A,G,SuRE_raQTL,K562 (erythroleukemia),1,1,0,-11.79968636133125,1,0.8522361620745952
11:74171215:T>G,rs1726746,11,74171215,T,G,SuRE_raQTL,K562 (erythroleukemia),1,1,0,-16.843344505649693,1,0.54894991338435
11:74321967:A>G,rs3894652,11,74321967,A,G,SuRE_raQTL,K562 (erythroleukemia),-1,0,0,-14.69288788818475,1,0.690770398047487
11:75583878:G>A,rs11236460,11,75583878,G,A,SuRE_raQTL,K562 (erythroleukemia),-1,0,1,16.40009558493815,1,0.7434700382597936
11:79116850:G>A,rs10793361,11,79116850,G,A,SuRE_raQTL,K562 (erythroleukemia),1,1,1,17.30728086966209,0,0.37938943614443893
11:80258248:C>G,rs116853516,11,80258248,C,G,SuRE_raQTL,K562 (erythroleukemia),-1,0,1,13.526203711095253,0,0.4513379951095494
11:80533383:G>A,rs7104484,11,80533383,G,A,SuRE_raQTL,K562 (erythroleukemia),1,1,1,15.062753707849971,0,0.4793509515653285
11:81037911:C>T,rs72939906,11,81037911,C,T,SuRE_raQTL,K562 (erythroleukemia),1,1,0,-14.052305147184821,0,0.4397940525206055
11:86573564:T>C,rs10792858,11,86573564,T,C,SuRE_raQTL,K562 (erythroleukemia),1,1,0,-11.778659489837562,1,0.8186654570001426
11:90360144:G>A,rs7927272,11,90360144,G,A,SuRE_raQTL,K562 (erythroleukemia),1,1,1,12.357826882210777,1,0.57646826703019
11:95789959:C>G,rs11021319,11,95789959,C,G,SuRE_raQTL,K562 (erythroleukemia),1,1,0,-12.52666851545521,1,0.6222861898002232
11:95923947:T>G,rs3824874,11,95923947,T,G,SuRE_raQTL,K562 (erythroleukemia),1,1,1,17.307280869662087,1,0.5628386565423613
11:96265531:G>A,rs12575683,11,96265531,G,A,SuRE_raQTL,K562 (erythroleukemia),-1,0,0,-15.183303441374564,1,0.6571232498332673
11:100653040:G>A,rs113503439,11,100653040,G,A,SuRE_raQTL,K562 (erythroleukemia),-1,0,0,-13.01926804164798,1,0.5259737339770547
11:102279711:A>C,rs2604531,11,102279711,A,C,SuRE_raQTL,K562 (erythroleukemia),1,1,0,-16.843344505649696,1,0.6373686176526345
11:108512107:T>C,rs141078173,11,108512107,T,C,SuRE_raQTL,K562 (erythroleukemia),1,1,0,-14.521171002292096,1,0.558044218012367
11:115071550:C>G,rs71486287,11,115071550,C,G,SuRE_raQTL,K562 (erythroleukemia),1,1,0,-9.324765417104516,1,0.5725187100917394
11:117722404:T>C,rs11216515,11,117722404,T,C,SuRE_raQTL,K562 (erythroleukemia),1,1,0,-17.307280869662094,1,0.5824393787166046
11:118102989:A>G,rs2276130,11,118102989,A,G,SuRE_raQTL,K562 (erythroleukemia),1,1,0,-17.307280869662087,1,0.679129410182433
11:119006853:C>T,rs58709307,11,119006853,C,T,SuRE_raQTL,K562 (erythroleukemia),-1,0,1,16.40009558493815,1,0.5502786835476664
11:121192068:C>T,rs60016568,11,121192068,C,T,SuRE_raQTL,K562 (erythroleukemia),-1,0,1,16.84334450564969,0,0.4885755932377932
11:123771295:T>C,rs58865771,11,123771295,T,C,SuRE_raQTL,K562 (erythroleukemia),-1,0,1,15.170884403047626,1,0.5525238043091969
11:123822215:T>A,rs11826594,11,123822215,T,A,SuRE_raQTL,K562 (erythroleukemia),1,1,1,8.480966290647899,1,0.6164117537129321
11:124170253:G>A,rs2512259,11,124170253,G,A,SuRE_raQTL,K562 (erythroleukemia),1,1,0,-13.109331403967932,0,0.40351634632788363
11:131235553:C>A,rs1110016,11,131235553,C,A,SuRE_raQTL,K562 (erythroleukemia),-1,0,1,16.40009558493815,1,0.5074076327605151
11:134507972:G>A,rs151043343,11,134507972,G,A,SuRE_raQTL,K562 (erythroleukemia),1,1,0,-12.095726668639053,0,0.38218760034035043
19:386830:T>C,rs56749387,19,386830,T,C,SuRE_raQTL,K562 (erythroleukemia),1,1,0,-17.307280869662094,1,0.8077016518643917
19:1063108:C>T,rs76478790,19,1063108,C,T,SuRE_raQTL,K562 (erythroleukemia),-1,0,1,16.843344505649696,0,0.42650561724543756
19:6393141:G>A,rs3088023,19,6393141,G,A,SuRE_raQTL,K562 (erythroleukemia),-1,0,1,13.373853763972889,0,0.49588319302219996
19:6761368:C>T,rs59615742,19,6761368,C,T,SuRE_raQTL,K562 (erythroleukemia),1,1,1,13.348407167875138,0,0.359070704512849
19:7593244:T>C,rs10416592,19,7593244,T,C,SuRE_raQTL,K562 (erythroleukemia),-1,0,0,-16.843344505649696,1,0.5928756904218356
19:11114478:G>A,rs10417295,19,11114478,G,A,SuRE_raQTL,K562 (erythroleukemia),1,1,1,14.521171002292103,1,0.6236041617822328
19:18919762:C>T,rs2231992,19,18919762,C,T,SuRE_raQTL,K562 (erythroleukemia),-1,0,0,-17.30728086966208,0,0.3351205121229553
19:19541348:G>A,rs76790018,19,19541348,G,A,SuRE_raQTL,K562 (erythroleukemia),-1,0,0,-13.87223781098612,0,0.4216206405929161
19:20547401:A>C,rs2562645,19,20547401,A,C,SuRE_raQTL,K562 (erythroleukemia),1,1,0,-17.307280869662087,0,0.4493890774033692
19:32304738:G>A,rs547537480,19,32304738,G,A,SuRE_raQTL,K562 (erythroleukemia),1,1,1,16.843344505649693,0,0.44661351550627326
19:35870188:T>C,rs376240,19,35870188,T,C,SuRE_raQTL,K562 (erythroleukemia),-1,0,1,9.050981572643373,1,0.6457621437557994
19:37063491:C>A,rs8110158,19,37063491,C,A,SuRE_raQTL,K562 (erythroleukemia),-1,0,0,-17.307280869662094,1,0.5740336803039628
19:45501880:C>G,rs552476582,19,45501880,C,G,SuRE_raQTL,K562 (erythroleukemia),1,1,0,-12.905575039562656,0,0.31425455763657656
19:46240363:C>G,rs117788163,19,46240363,C,G,SuRE_raQTL,K562 (erythroleukemia),-1,0,0,-14.5211710022921,0,0.3574610956822393
19:48206923:C>T,rs11669584,19,48206923,C,T,SuRE_raQTL,K562 (erythroleukemia),-1,0,1,13.728499997390326,0,0.36018702652558754
19:48888328:A>G,rs8112951,19,48888328,A,G,SuRE_raQTL,K562 (erythroleukemia),1,1,0,-16.659024334127054,1,0.6127338603648159
19:49113819:T>G,rs4802560,19,49113819,T,G,SuRE_raQTL,K562 (erythroleukemia),-1,0,0,-16.843344505649693,1,0.7289987450140217
19:49677009:C>G,rs975484,19,49677009,C,G,SuRE_raQTL,K562 (erythroleukemia),-1,0,0,-17.411585464426732,0,0.38053485873982545
19:50818001:C>T,rs3212846,19,50818001,C,T,SuRE_raQTL,K562 (erythroleukemia),1,1,1,15.404895135867555,1,0.7722065097543017
19:52962977:G>A,rs11883116,19,52962977,G,A,SuRE_raQTL,K562 (erythroleukemia),-1,0,1,16.295965344014505,0,0.41154175033347873
19:55113061:G>A,rs56350931,19,55113061,G,A,SuRE_raQTL,K562 (erythroleukemia),1,1,1,17.307280869662094,1,0.5056315608436165
19:56839577:A>C,rs112234833,19,56839577,A,C,SuRE_raQTL,K562 (erythroleukemia),-1,0,0,-14.17905379098157,1,0.6706142223957893
19:58155204:G>T,rs76730102,19,58155204,G,T,SuRE_raQTL,K562 (erythroleukemia),-1,0,1,16.843344505649696,0,0.21905760250818057
2:253566:C>A,rs9309729,2,253566,C,A,SuRE_raQTL,K562 (erythroleukemia),1,1,0,-17.307280869662087,1,0.616648965367443
2:601163:A>G,rs2683993,2,601163,A,G,SuRE_raQTL,K562 (erythroleukemia),1,1,0,-13.471486044169303,0,0.39879018387200166
2:5964381:C>G,rs4669983,2,5964381,C,G,SuRE_raQTL,K562 (erythroleukemia),1,1,0,-12.822559806402047,1,0.5833672460935635
2:8677673:C>T,rs1434123,2,8677673,C,T,SuRE_raQTL,K562 (erythroleukemia),1,1,1,16.843344505649693,1,0.7316779202488428
2:9631071:C>G,rs2091210,2,9631071,C,G,SuRE_raQTL,K562 (erythroleukemia),-1,0,1,11.217852906103017,0,0.4468115554883197
2:10006009:C>T,rs4668661,2,10006009,C,T,SuRE_raQTL,K562 (erythroleukemia),1,1,0,-17.30728086966209,0,0.48398899176511295
2:11129925:C>G,rs10166997,2,11129925,C,G,SuRE_raQTL,K562 (erythroleukemia),-1,0,1,11.137480921189841,0,0.34926941535376943
2:13141247:G>A,rs1842818,2,13141247,G,A,SuRE_raQTL,K562 (erythroleukemia),1,1,1,13.02531899890721,1,0.629515253690074
2:17909180:G>A,rs181974024,2,17909180,G,A,SuRE_raQTL,K562 (erythroleukemia),-1,0,1,16.843344505649696,1,0.6392705833919624
2:24974028:G>A,rs34168681,2,24974028,G,A,SuRE_raQTL,K562 (erythroleukemia),1,1,1,14.521171002292096,1,0.5146854084761708
2:25813792:T>C,rs112612812,2,25813792,T,C,SuRE_raQTL,K562 (erythroleukemia),-1,0,0,-12.994245838709876,1,0.770073718916053
2:34992613:A>G,rs116323998,2,34992613,A,G,SuRE_raQTL,K562 (erythroleukemia),-1,0,0,-14.27474213009843,0,0.47250832426256323
2:36807360:G>A,rs10180537,2,36807360,G,A,SuRE_raQTL,K562 (erythroleukemia),1,1,1,17.307280869662087,0,0.32409944999473733
2:38092354:C>A,rs162330,2,38092354,C,A,SuRE_raQTL,K562 (erythroleukemia),-1,0,0,-17.307280869662087,0,0.299472604492687
2:43987448:T>C,rs11124959,2,43987448,T,C,SuRE_raQTL,K562 (erythroleukemia),-1,0,0,-17.30728086966209,0,0.4119966072172413
2:45813654:A>G,rs4953262,2,45813654,A,G,SuRE_raQTL,K562 (erythroleukemia),1,1,1,17.411585464426736,1,0.8614413318029295
2:46873879:C>G,rs116578558,2,46873879,C,G,SuRE_raQTL,K562 (erythroleukemia),-1,0,1,16.00555458040894,1,0.7392278258023076
2:52910778:G>A,rs13406642,2,52910778,G,A,SuRE_raQTL,K562 (erythroleukemia),1,1,1,16.40009558493815,0,0.3951421858181807
2:54572462:G>T,rs10205410,2,54572462,G,T,SuRE_raQTL,K562 (erythroleukemia),-1,0,1,16.843344505649696,1,0.6194951512234834
2:55441635:A>C,rs13028756,2,55441635,A,C,SuRE_raQTL,K562 (erythroleukemia),1,1,0,-14.985352774774727,0,0.44845039275182375
2:60189535:A>C,rs571612238,2,60189535,A,C,SuRE_raQTL,K562 (erythroleukemia),-1,0,0,-14.502645365197562,0,0.23951240670483728
2:64751572:G>A,rs12623363,2,64751572,G,A,SuRE_raQTL,K562 (erythroleukemia),1,1,1,14.521171002292103,1,0.7027548082601123
2:65436012:T>C,rs13391635,2,65436012,T,C,SuRE_raQTL,K562 (erythroleukemia),-1,0,0,-14.521171002292093,0,0.43743216408956515
2:70104713:T>C,rs141592366,2,70104713,T,C,SuRE_raQTL,K562 (erythroleukemia),1,1,1,17.483288334013093,1,0.6758649108526309
2:70796300:T>C,rs1122616,2,70796300,T,C,SuRE_raQTL,K562 (erythroleukemia),-1,0,0,-13.04155119754563,1,0.6114071294366937
2:74380390:A>G,rs13411165,2,74380390,A,G,SuRE_raQTL,K562 (erythroleukemia),-1,0,1,17.307280869662087,1,0.6242079740153961
2:77244755:C>A,rs10172757,2,77244755,C,A,SuRE_raQTL,K562 (erythroleukemia),-1,0,1,16.843344505649696,1,0.602174252612984
2:77977580:A>G,rs1527176,2,77977580,A,G,SuRE_raQTL,K562 (erythroleukemia),1,1,0,-9.681238411777805,1,0.56901469720671
2:79026249:C>T,rs425846,2,79026249,C,T,SuRE_raQTL,K562 (erythroleukemia),-1,0,0,-12.05757813300772,0,0.40857061616940205
2:79629091:G>A,rs72822513,2,79629091,G,A,SuRE_raQTL,K562 (erythroleukemia),-1,0,0,-12.703219332300929,0,0.15919196234633862
2:79810331:C>T,rs114698122,2,79810331,C,T,SuRE_raQTL,K562 (erythroleukemia),-1,0,1,16.35206067290735,0,0.23614606113383446
2:83089246:T>C,rs62147083,2,83089246,T,C,SuRE_raQTL,K562 (erythroleukemia),-1,0,0,-16.843344505649696,1,0.7640774798833768
2:97723646:C>G,rs75699372,2,97723646,C,G,SuRE_raQTL,K562 (erythroleukemia),1,1,0,-17.307280869662087,1,0.5493627116680887
2:98139609:T>C,rs4318433,2,98139609,T,C,SuRE_raQTL,K562 (erythroleukemia),-1,0,0,-16.843344505649696,0,0.34792117194733996
2:101440542:T>C,rs62154278,2,101440542,T,C,SuRE_raQTL,K562 (erythroleukemia),-1,0,1,16.822956215999184,1,0.7328256749254274
2:102619188:G>C,rs7598839,2,102619188,G,C,SuRE_raQTL,K562 (erythroleukemia),1,1,1,17.307280869662094,1,0.5998412148509029
2:103898708:G>A,rs58366653,2,103898708,G,A,SuRE_raQTL,K562 (erythroleukemia),1,1,1,14.521171002292114,1,0.6439625986434543
2:105177984:C>T,rs4851736,2,105177984,C,T,SuRE_raQTL,K562 (erythroleukemia),1,1,1,17.307280869662087,1,0.7213556587092952
2:105599292:C>T,rs17031337,2,105599292,C,T,SuRE_raQTL,K562 (erythroleukemia),-1,0,0,-17.483288334013093,0,0.2764673289909377
2:107469004:A>C,rs1651155,2,107469004,A,C,SuRE_raQTL,K562 (erythroleukemia),1,1,0,-16.40009558493815,1,0.6898542735942386
2:110194255:G>A,rs182389674,2,110194255,G,A,SuRE_raQTL,K562 (erythroleukemia),1,1,0,-17.483288334013096,0,0.25974689562460795
2:111626257:G>A,rs536131683,2,111626257,G,A,SuRE_raQTL,K562 (erythroleukemia),-1,0,0,-13.94370745680557,0,0.32996378091632167
2:124255623:A>T,rs779997,2,124255623,A,T,SuRE_raQTL,K562 (erythroleukemia),1,1,1,17.307280869662087,0,0.48935385979952756
2:124670179:C>T,rs11674033,2,124670179,C,T,SuRE_raQTL,K562 (erythroleukemia),-1,0,1,17.307280869662087,0,0.3383422177582241
2:125386415:A>G,rs13419964,2,125386415,A,G,SuRE_raQTL,K562 (erythroleukemia),1,1,0,-17.30728086966209,0,0.42523550690093853
2:127848080:T>G,rs13382312,2,127848080,T,G,SuRE_raQTL,K562 (erythroleukemia),1,1,0,-14.274742130098435,1,0.525751058791953
2:128091109:G>T,rs6759175,2,128091109,G,T,SuRE_raQTL,K562 (erythroleukemia),1,1,1,17.307280869662094,0,0.407646714417308
2:128305268:A>C,rs13014434,2,128305268,A,C,SuRE_raQTL,K562 (erythroleukemia),1,1,0,-15.666251746671811,1,0.900512599398533
2:128473087:T>G,rs1992249,2,128473087,T,G,SuRE_raQTL,K562 (erythroleukemia),1,1,0,-17.307280869662087,0,0.4802101187518135
2:132116782:T>G,rs4954239,2,132116782,T,G,SuRE_raQTL,K562 (erythroleukemia),1,1,1,11.114236716895213,1,0.5472749661758254
2:134679835:A>G,rs4440018,2,134679835,A,G,SuRE_raQTL,K562 (erythroleukemia),-1,0,0,-16.843344505649696,0,0.362902794106413
2:135530833:G>A,rs7577362,2,135530833,G,A,SuRE_raQTL,K562 (erythroleukemia),-1,0,0,-17.48328833401309,0,0.3143405101997241
2:136759220:G>A,rs6430669,2,136759220,G,A,SuRE_raQTL,K562 (erythroleukemia),-1,0,1,17.30728086966209,1,0.5190382008850167
2:140510004:G>A,rs35821928,2,140510004,G,A,SuRE_raQTL,K562 (erythroleukemia),1,1,0,-12.425660089424753,0,0.3031084142523794
2:141315770:C>A,rs77492033,2,141315770,C,A,SuRE_raQTL,K562 (erythroleukemia),1,1,1,14.185882027446677,0,0.476445972527511
2:142809734:C>A,rs201374004,2,142809734,C,A,SuRE_raQTL,K562 (erythroleukemia),1,1,1,16.400095584938153,0,0.46603059552681536
2:143826905:T>G,rs13407484,2,143826905,T,G,SuRE_raQTL,K562 (erythroleukemia),1,1,1,14.376735881579897,1,0.5354991005790171
2:144901721:C>T,rs1085419,2,144901721,C,T,SuRE_raQTL,K562 (erythroleukemia),1,1,1,11.29493605883902,1,0.5892199221174452
2:146734200:G>A,rs72851973,2,146734200,G,A,SuRE_raQTL,K562 (erythroleukemia),1,1,1,17.307280869662087,1,0.5067319368393082
2:149339096:A>G,rs10445727,2,149339096,A,G,SuRE_raQTL,K562 (erythroleukemia),1,1,0,-16.843344505649696,0,0.3591798456642928
2:152895749:G>A,rs12693501,2,152895749,G,A,SuRE_raQTL,K562 (erythroleukemia),-1,0,1,16.843344505649696,1,0.7261078038538358
2:162591602:A>G,rs6754597,2,162591602,A,G,SuRE_raQTL,K562 (erythroleukemia),-1,0,0,-16.843344505649696,1,0.5176625511424359
2:168984903:A>C,rs151219481,2,168984903,A,C,SuRE_raQTL,K562 (erythroleukemia),1,1,0,-11.799330690315426,0,0.4630398797693202
2:171468988:G>A,rs61731491,2,171468988,G,A,SuRE_raQTL,K562 (erythroleukemia),1,1,0,-14.521171002292107,0,0.4819178396724133
2:171875300:G>A,rs6711813,2,171875300,G,A,SuRE_raQTL,K562 (erythroleukemia),1,1,1,17.307280869662087,1,0.6819246490660993
2:174723949:T>C,rs140381388,2,174723949,T,C,SuRE_raQTL,K562 (erythroleukemia),-1,0,0,-17.307280869662087,1,0.8217158231263897
2:178864354:C>T,rs6709708,2,178864354,C,T,SuRE_raQTL,K562 (erythroleukemia),-1,0,1,13.374230066917075,0,0.2992662734912689
2:181663893:G>A,rs13019917,2,181663893,G,A,SuRE_raQTL,K562 (erythroleukemia),1,1,1,16.400095584938157,0,0.37047314376179125
2:183508316:C>T,rs113361590,2,183508316,C,T,SuRE_raQTL,K562 (erythroleukemia),-1,0,1,16.35206067290735,0,0.37209596771634135
2:183794557:G>A,rs13425010,2,183794557,G,A,SuRE_raQTL,K562 (erythroleukemia),1,1,0,-17.307280869662087,0,0.19596996131371772
2:183796120:A>C,rs190343497,2,183796120,A,C,SuRE_raQTL,K562 (erythroleukemia),1,1,0,-16.8433445056497,1,0.5085931076161406
2:183878638:C>T,rs1095475,2,183878638,C,T,SuRE_raQTL,K562 (erythroleukemia),-1,0,0,-9.577688716980091,0,0.35607605739195924
2:184712509:A>T,rs13389241,2,184712509,A,T,SuRE_raQTL,K562 (erythroleukemia),1,1,1,14.502645365197566,1,0.8263469994947055
2:187518157:C>T,rs6740531,2,187518157,C,T,SuRE_raQTL,K562 (erythroleukemia),1,1,1,17.307280869662087,1,0.5378089768511857
2:190471525:C>T,rs192189751,2,190471525,C,T,SuRE_raQTL,K562 (erythroleukemia),-1,0,0,-17.41158546442674,0,0.2568579217187636
2:212785633:G>C,rs4673681,2,212785633,G,C,SuRE_raQTL,K562 (erythroleukemia),-1,0,1,10.081350280583692,1,0.5152266789389667
2:215253479:A>T,rs28840073,2,215253479,A,T,SuRE_raQTL,K562 (erythroleukemia),-1,0,1,11.148411728835306,0,0.462367647682052
2:215312057:C>T,rs28366034,2,215312057,C,T,SuRE_raQTL,K562 (erythroleukemia),1,1,1,16.843344505649696,1,0.5995249999623495
2:217187718:T>C,rs546790848,2,217187718,T,C,SuRE_raQTL,K562 (erythroleukemia),1,1,0,-14.274742130098431,0,0.4950099774935113
2:219597918:G>T,rs681747,2,219597918,G,T,SuRE_raQTL,K562 (erythroleukemia),1,1,1,16.400095584938153,1,0.595904255161775
2:219661734:G>C,rs115080629,2,219661734,G,C,SuRE_raQTL,K562 (erythroleukemia),-1,0,1,17.411585464426736,1,0.597733139641767
2:222040142:C>T,rs992454,2,222040142,C,T,SuRE_raQTL,K562 (erythroleukemia),-1,0,0,-10.69325450726046,0,0.396401071983507
2:223481325:G>A,rs1989284,2,223481325,G,A,SuRE_raQTL,K562 (erythroleukemia),-1,0,1,17.30728086966209,0,0.4399109912016326
2:224455113:A>T,rs10180298,2,224455113,A,T,SuRE_raQTL,K562 (erythroleukemia),-1,0,1,17.307280869662087,0,0.4881655073403918
2:227685401:A>G,rs111409314,2,227685401,A,G,SuRE_raQTL,K562 (erythroleukemia),1,1,0,-17.307280869662087,1,0.6389452202847947
2:227685434:G>A,rs1134281,2,227685434,G,A,SuRE_raQTL,K562 (erythroleukemia),1,1,0,-14.69288788818475,1,0.5333124785398661
2:229185865:C>T,rs62190435,2,229185865,C,T,SuRE_raQTL,K562 (erythroleukemia),1,1,0,-15.864438738009135,0,0.35535223335782057
2:230063404:C>T,rs76967594,2,230063404,C,T,SuRE_raQTL,K562 (erythroleukemia),1,1,1,16.843344505649696,1,0.5107922481177922
2:233687171:A>C,rs6753569,2,233687171,A,C,SuRE_raQTL,K562 (erythroleukemia),1,1,0,-14.521171002292103,1,0.6054079242817547
2:233755414:G>T,rs11673726,2,233755414,G,T,SuRE_raQTL,K562 (erythroleukemia),-1,0,0,-12.269248889392303,0,0.19168732427889398
2:235974901:A>G,rs72989289,2,235974901,A,G,SuRE_raQTL,K562 (erythroleukemia),1,1,1,12.563380873556735,1,0.8371330115563516
6:469716:T>C,rs62390368,6,469716,T,C,SuRE_raQTL,K562 (erythroleukemia),-1,0,0,-16.51407760491726,1,0.6300198560286786
6:1442256:C>G,rs1922934,6,1442256,C,G,SuRE_raQTL,K562 (erythroleukemia),-1,0,0,-14.521171002292096,0,0.3859395537571408
6:3024910:T>C,rs1040862,6,3024910,T,C,SuRE_raQTL,K562 (erythroleukemia),-1,0,0,-16.843344505649696,0,0.40292718852424253
6:6230414:A>G,rs6903185,6,6230414,A,G,SuRE_raQTL,K562 (erythroleukemia),-1,0,0,-8.348600245528981,1,0.6323346389498398
6:10426168:G>A,rs115633233,6,10426168,G,A,SuRE_raQTL,K562 (erythroleukemia),-1,0,1,17.307280869662094,1,0.5450736457637951
6:10855360:G>T,rs9379839,6,10855360,G,T,SuRE_raQTL,K562 (erythroleukemia),1,1,1,14.521171002292103,1,0.5334698544213526
6:13395326:T>C,rs536916,6,13395326,T,C,SuRE_raQTL,K562 (erythroleukemia),1,1,1,14.692887888184748,1,0.561499394290546
6:13860591:T>G,rs12214124,6,13860591,T,G,SuRE_raQTL,K562 (erythroleukemia),-1,0,1,13.878913052481826,1,0.8429340406767557
6:16458619:C>T,rs9396674,6,16458619,C,T,SuRE_raQTL,K562 (erythroleukemia),1,1,0,-14.69288788818475,0,0.3652854920838947
6:17744727:C>G,rs113986469,6,17744727,C,G,SuRE_raQTL,K562 (erythroleukemia),-1,0,1,14.26357033681347,1,0.7026734117347807
6:21755046:G>C,rs17491,6,21755046,G,C,SuRE_raQTL,K562 (erythroleukemia),1,1,1,11.309372958598473,1,0.5773125730608594
6:24570658:T>G,rs807524,6,24570658,T,G,SuRE_raQTL,K562 (erythroleukemia),-1,0,0,-12.57371757394997,0,0.34428860416993534
6:30136063:C>T,rs9261466,6,30136063,C,T,SuRE_raQTL,K562 (erythroleukemia),-1,0,1,17.307280869662087,1,0.5553039655970169
6:30720290:C>G,rs17189357,6,30720290,C,G,SuRE_raQTL,K562 (erythroleukemia),-1,0,1,11.818981539432443,1,0.7905951805516954
6:31198185:G>A,rs3130463,6,31198185,G,A,SuRE_raQTL,K562 (erythroleukemia),1,1,1,17.307280869662083,1,0.6321188985351248
6:31652243:A>G,rs813115,6,31652243,A,G,SuRE_raQTL,K562 (erythroleukemia),-1,0,1,14.996026108759013,1,0.716691987937934
6:33287592:C>T,rs465151,6,33287592,C,T,SuRE_raQTL,K562 (erythroleukemia),1,1,1,16.843344505649696,1,0.5367029986529742
6:35299938:C>T,rs7769906,6,35299938,C,T,SuRE_raQTL,K562 (erythroleukemia),1,1,0,-16.726444361120038,1,0.5839772307339315
6:36079321:T>C,rs9470215,6,36079321,T,C,SuRE_raQTL,K562 (erythroleukemia),1,1,0,-12.61023732821663,1,0.5051295302274839
6:36750197:G>A,rs77463948,6,36750197,G,A,SuRE_raQTL,K562 (erythroleukemia),1,1,0,-12.095726668639049,1,0.5812520350136682
6:36976011:A>G,rs6905093,6,36976011,A,G,SuRE_raQTL,K562 (erythroleukemia),1,1,1,16.72644436112003,1,0.6152191595299693
6:47037405:A>T,rs76401629,6,47037405,A,T,SuRE_raQTL,K562 (erythroleukemia),1,1,0,-14.376735881579895,0,0.4323201314436786
6:48362073:T>C,rs7755638,6,48362073,T,C,SuRE_raQTL,K562 (erythroleukemia),1,1,1,17.307280869662087,1,0.7149882836974796
6:48778829:A>T,rs2495883,6,48778829,A,T,SuRE_raQTL,K562 (erythroleukemia),-1,0,0,-16.59463077085988,1,0.636244873888629
6:50249639:C>T,rs56288879,6,50249639,C,T,SuRE_raQTL,K562 (erythroleukemia),1,1,1,17.30728086966209,0,0.32863272812681726
6:51795216:A>T,rs6910593,6,51795216,A,T,SuRE_raQTL,K562 (erythroleukemia),-1,0,1,12.955831504235881,1,0.5128648050575615
6:55951313:G>A,rs6900078,6,55951313,G,A,SuRE_raQTL,K562 (erythroleukemia),-1,0,1,17.307280869662087,1,0.6977866348301079
6:61862196:C>T,rs9445539,6,61862196,C,T,SuRE_raQTL,K562 (erythroleukemia),-1,0,0,-17.411585464426736,0,0.27257774897302683
6:62373835:T>G,rs62416570,6,62373835,T,G,SuRE_raQTL,K562 (erythroleukemia),1,1,0,-16.44665757792428,1,0.5410595307976709
6:63077663:T>C,rs789949,6,63077663,T,C,SuRE_raQTL,K562 (erythroleukemia),1,1,1,17.483288334013093,1,0.8834295845056116
6:71286813:G>A,rs112824477,6,71286813,G,A,SuRE_raQTL,K562 (erythroleukemia),1,1,1,15.59976873724316,1,0.5480535778564126
6:73422641:T>C,rs76441487,6,73422641,T,C,SuRE_raQTL,K562 (erythroleukemia),-1,0,0,-17.307280869662094,1,0.7747135184691408
6:75864030:A>G,rs16886925,6,75864030,A,G,SuRE_raQTL,K562 (erythroleukemia),1,1,1,17.483288334013093,1,0.612224522137993
6:76165813:A>C,rs9443212,6,76165813,A,C,SuRE_raQTL,K562 (erythroleukemia),1,1,0,-17.307280869662087,0,0.3529028574308051
6:76810506:G>C,rs2315263,6,76810506,G,C,SuRE_raQTL,K562 (erythroleukemia),1,1,0,-14.521171002292093,0,0.309013848292024
6:79949076:A>C,rs1512120,6,79949076,A,C,SuRE_raQTL,K562 (erythroleukemia),1,1,0,-12.456670419341295,1,0.6581620356244366
6:81253088:G>A,rs150080531,6,81253088,G,A,SuRE_raQTL,K562 (erythroleukemia),-1,0,1,16.843344505649696,1,0.6013974980867978
6:84471615:G>C,rs12204240,6,84471615,G,C,SuRE_raQTL,K562 (erythroleukemia),-1,0,1,17.30728086966209,1,0.5948042577135896
6:84699804:G>A,rs9362087,6,84699804,G,A,SuRE_raQTL,K562 (erythroleukemia),1,1,1,16.843344505649696,1,0.5831077369357389
6:87472986:G>C,rs9450704,6,87472986,G,C,SuRE_raQTL,K562 (erythroleukemia),-1,0,1,10.0373302673406,1,0.5587619543939756
6:89073281:G>A,rs1888612,6,89073281,G,A,SuRE_raQTL,K562 (erythroleukemia),-1,0,1,9.555907968640053,1,0.6068898761184703
6:110399006:A>G,rs1980532,6,110399006,A,G,SuRE_raQTL,K562 (erythroleukemia),-1,0,1,14.692887888184748,1,0.7408191715613828
6:113455634:T>A,rs9320457,6,113455634,T,A,SuRE_raQTL,K562 (erythroleukemia),-1,0,1,16.843344505649696,1,0.6196677849442008
6:123749064:T>C,rs59032547,6,123749064,T,C,SuRE_raQTL,K562 (erythroleukemia),1,1,0,-16.843344505649696,1,0.6604281617967356
6:124409287:T>C,rs202234133,6,124409287,T,C,SuRE_raQTL,K562 (erythroleukemia),1,1,0,-17.193510866750124,1,0.6781741042830897
6:125746855:T>G,rs980014,6,125746855,T,G,SuRE_raQTL,K562 (erythroleukemia),1,1,0,-16.40009558493815,1,0.80818405298919
6:133147516:G>A,rs200016840,6,133147516,G,A,SuRE_raQTL,K562 (erythroleukemia),-1,0,1,16.40009558493815,0,0.40910627102175173
6:133147634:T>A,rs9483545,6,133147634,T,A,SuRE_raQTL,K562 (erythroleukemia),-1,0,1,16.594630770859876,1,0.6571428962038941
6:134714865:A>G,rs6902798,6,134714865,A,G,SuRE_raQTL,K562 (erythroleukemia),1,1,1,14.692059379590823,1,0.5688700087055967
6:135623512:C>A,rs112686004,6,135623512,C,A,SuRE_raQTL,K562 (erythroleukemia),-1,0,1,16.843344505649693,0,0.2719697300549073
6:146528877:G>A,rs113034204,6,146528877,G,A,SuRE_raQTL,K562 (erythroleukemia),-1,0,1,15.991038756720076,0,0.29025671331415986
6:149566308:T>C,rs62439782,6,149566308,T,C,SuRE_raQTL,K562 (erythroleukemia),-1,0,1,14.69288788818475,0,0.4157315817213527
6:150131561:T>G,rs1107835,6,150131561,T,G,SuRE_raQTL,K562 (erythroleukemia),1,1,0,-14.362097449918084,1,0.5054290839980474
6:155364122:G>A,rs443263,6,155364122,G,A,SuRE_raQTL,K562 (erythroleukemia),-1,0,0,-17.483288334013093,0,0.3242990461858551
6:156361857:A>G,rs9383804,6,156361857,A,G,SuRE_raQTL,K562 (erythroleukemia),1,1,0,-16.400095584938153,1,0.8141235217247917
6:156720142:C>G,rs75047362,6,156720142,C,G,SuRE_raQTL,K562 (erythroleukemia),-1,0,1,16.29104476024964,0,0.2959557260783038
6:157592693:G>A,rs749547,6,157592693,G,A,SuRE_raQTL,K562 (erythroleukemia),-1,0,1,16.843344505649696,0,0.41865820195380876
6:158596823:G>A,rs12662316,6,158596823,G,A,SuRE_raQTL,K562 (erythroleukemia),-1,0,1,7.516627020218845,0,0.3598904985538997
6:160043078:C>T,rs56804739,6,160043078,C,T,SuRE_raQTL,K562 (erythroleukemia),1,1,0,-16.843344505649696,0,0.4977675186695683
6:160323374:A>C,rs7774140,6,160323374,A,C,SuRE_raQTL,K562 (erythroleukemia),-1,0,0,-17.307280869662087,1,0.5004850141002359
6:168592548:G>A,rs11966245,6,168592548,G,A,SuRE_raQTL,K562 (erythroleukemia),1,1,0,-16.3019188361279,0,0.35168743893853716
6:170481544:A>G,rs6456223,6,170481544,A,G,SuRE_raQTL,K562 (erythroleukemia),-1,0,0,-16.400095584938153,1,0.5281704972122737
